{
  "type": "FeatureCollection",
  "generator": "overpass-turbo",
  "copyright": "The data included in this document is from www.openstreetmap.org. The data is made available under ODbL.",
  "timestamp": "2026-09-26T11:03:57Z",
  "features": [
    {
      "type": "Feature",
      "properties": {
        "@id": "way/24624296",
        "name": "Gasali Khloa",
        "waterway": "river"
      },
      "geometry": {
        "type": "LineString",
        "coordinates": [
          [
            85.0974247,
            28.093184
          ],
          [
            85.0948877,
            28.0924028
          ],
          [
            85.0939491,
            28.0916188
          ],
          [
            85.0925758,
            28.0891958
          ],
          [
            85.0900009,
            28.0881357
          ],
          [
            85.0875976,
            28.0875299
          ],
          [
            85.0845077,
            28.0875299
          ],
          [
            85.0802162,
            28.0876813
          ],
          [
            85.0773051,
            28.0875299
          ],
          [
            85.0755586,
            28.088393
          ],
          [
            85.0709465,
            28.0888929
          ],
          [
            85.0674014,
            28.0893672
          ],
          [
            85.066155,
            28.0893555
          ],
          [
            85.0650932,
            28.0889498
          ],
          [
            85.0634957,
            28.0891569
          ],
          [
            85.0612624,
            28.0883066
          ],
          [
            85.0605338,
            28.0883625
          ],
          [
            85.0595472,
            28.0883697
          ],
          [
            85.058467,
            28.0875698
          ],
          [
            85.0585883,
            28.0864776
          ],
          [
            85.0573904,
            28.0855798
          ],
          [
            85.0566864,
            28.0850252
          ],
          [
            85.0559196,
            28.0844212
          ],
          [
            85.0553137,
            28.0844652
          ],
          [
            85.0549805,
            28.0850624
          ],
          [
            85.0541344,
            28.0853517
          ],
          [
            85.0537167,
            28.0852397
          ],
          [
            85.052861,
            28.0855381
          ],
          [
            85.0515191,
            28.0853226
          ],
          [
            85.0501495,
            28.086195
          ],
          [
            85.0493256,
            28.0858841
          ],
          [
            85.0478075,
            28.0861674
          ],
          [
            85.0468647,
            28.0856745
          ],
          [
            85.0464022,
            28.0859164
          ],
          [
            85.0453986,
            28.0864554
          ],
          [
            85.0426434,
            28.0871898
          ],
          [
            85.0405465,
            28.0879118
          ],
          [
            85.0382299,
            28.08852
          ],
          [
            85.0379424,
            28.0884151
          ],
          [
            85.0371333,
            28.0881042
          ],
          [
            85.0364013,
            28.0880163
          ],
          [
            85.0353682,
            28.0875201
          ],
          [
            85.0345009,
            28.0866055
          ],
          [
            85.0336907,
            28.0865133
          ],
          [
            85.0316622,
            28.0869318
          ],
          [
            85.029847,
            28.0882855
          ],
          [
            85.0288945,
            28.0888128
          ],
          [
            85.0282028,
            28.0891958
          ],
          [
            85.0257995,
            28.0888929
          ],
          [
            85.0228813,
            28.0875299
          ],
          [
            85.0208213,
            28.0867726
          ],
          [
            85.0185897,
            28.0860154
          ],
          [
            85.0165298,
            28.0857125
          ],
          [
            85.0156766,
            28.0857773
          ],
          [
            85.014452,
            28.0858703
          ],
          [
            85.01138,
            28.0867726
          ],
          [
            85.010758,
            28.0869156
          ],
          [
            85.0095421,
            28.0875299
          ],
          [
            85.0089026,
            28.08779
          ],
          [
            85.0082204,
            28.0878398
          ]
        ]
      },
      "id": "way/24624296"
    },
    {
      "type": "Feature",
      "properties": {
        "@id": "way/24624410",
        "name": "Adha Khola",
        "source": "Nepa Maps",
        "waterway": "river"
      },
      "geometry": {
        "type": "LineString",
        "coordinates": [
          [
            85.1138354,
            28.1512797
          ],
          [
            85.1137698,
            28.1527884
          ],
          [
            85.1129176,
            28.1538924
          ],
          [
            85.1114294,
            28.1560137
          ],
          [
            85.1111541,
            28.1571928
          ],
          [
            85.1105116,
            28.1584008
          ],
          [
            85.1096331,
            28.1590192
          ],
          [
            85.1077319,
            28.1605047
          ],
          [
            85.10568,
            28.1618398
          ],
          [
            85.1050081,
            28.1621875
          ],
          [
            85.1041721,
            28.16262
          ],
          [
            85.1034838,
            28.1636083
          ],
          [
            85.1013663,
            28.1649608
          ],
          [
            85.1012901,
            28.1650182
          ],
          [
            85.1005927,
            28.1655445
          ],
          [
            85.0996028,
            28.1669489
          ],
          [
            85.0992422,
            28.1683013
          ],
          [
            85.098685,
            28.1685614
          ],
          [
            85.0983899,
            28.1700697
          ],
          [
            85.0972755,
            28.1716012
          ],
          [
            85.097164,
            28.172289
          ],
          [
            85.0973559,
            28.1727499
          ],
          [
            85.0973213,
            28.1744677
          ],
          [
            85.0972194,
            28.1748907
          ],
          [
            85.0970051,
            28.175193
          ],
          [
            85.0969561,
            28.1754899
          ],
          [
            85.0971827,
            28.1757198
          ],
          [
            85.097174,
            28.1760863
          ],
          [
            85.0970394,
            28.1763632
          ],
          [
            85.0975246,
            28.1769815
          ],
          [
            85.0974721,
            28.1775189
          ],
          [
            85.0975746,
            28.1781783
          ],
          [
            85.0977216,
            28.1786318
          ],
          [
            85.0979727,
            28.1788315
          ],
          [
            85.098108,
            28.1790966
          ],
          [
            85.0981809,
            28.1796089
          ],
          [
            85.0980031,
            28.1802523
          ],
          [
            85.097698,
            28.1806568
          ],
          [
            85.0975214,
            28.1809431
          ],
          [
            85.0973232,
            28.1811022
          ],
          [
            85.0972084,
            28.1810904
          ],
          [
            85.0970955,
            28.1811576
          ],
          [
            85.0970113,
            28.181327
          ],
          [
            85.0969178,
            28.1815413
          ],
          [
            85.0969285,
            28.1816877
          ],
          [
            85.0969239,
            28.1818721
          ],
          [
            85.0970037,
            28.1820578
          ],
          [
            85.0965045,
            28.1822587
          ],
          [
            85.0961725,
            28.1822762
          ],
          [
            85.096209,
            28.1829052
          ],
          [
            85.095906,
            28.1834227
          ],
          [
            85.0955422,
            28.1838462
          ],
          [
            85.0959576,
            28.1842405
          ],
          [
            85.0961199,
            28.1846225
          ],
          [
            85.0957769,
            28.1850651
          ],
          [
            85.0954401,
            28.185335
          ],
          [
            85.0946134,
            28.1858478
          ],
          [
            85.0940137,
            28.1859651
          ],
          [
            85.0923413,
            28.1867223
          ],
          [
            85.0910519,
            28.1870848
          ],
          [
            85.0907429,
            28.1873862
          ],
          [
            85.0903653,
            28.1876715
          ],
          [
            85.0898895,
            28.1878885
          ],
          [
            85.0894017,
            28.1884064
          ],
          [
            85.0893306,
            28.1887232
          ]
        ]
      },
      "id": "way/24624410"
    },
    {
      "type": "Feature",
      "properties": {
        "@id": "way/24624604",
        "boat": "no",
        "intermittent": "no",
        "name": "Trishuli River",
        "name:en": "Trishuli River",
        "name:ko": "트리슐리강",
        "waterway": "river"
      },
      "geometry": {
        "type": "LineString",
        "coordinates": [
          [
            85.3413057,
            28.1644225
          ],
          [
            85.3409875,
            28.1643893
          ],
          [
            85.340532,
            28.1643132
          ],
          [
            85.3402864,
            28.1642576
          ],
          [
            85.3400519,
            28.1641894
          ],
          [
            85.3398457,
            28.1641076
          ],
          [
            85.3396849,
            28.1640114
          ],
          [
            85.3395867,
            28.1639001
          ],
          [
            85.3393909,
            28.1634449
          ],
          [
            85.3393403,
            28.163375
          ],
          [
            85.3392711,
            28.1633073
          ],
          [
            85.3391771,
            28.1632397
          ],
          [
            85.339052,
            28.16317
          ],
          [
            85.338553,
            28.1629488
          ],
          [
            85.3381598,
            28.1627521
          ],
          [
            85.3378941,
            28.1625885
          ],
          [
            85.3377417,
            28.1624543
          ],
          [
            85.3376559,
            28.162331
          ],
          [
            85.3375777,
            28.1621786
          ],
          [
            85.3375177,
            28.1620127
          ],
          [
            85.3374859,
            28.1618485
          ],
          [
            85.337497,
            28.1616699
          ],
          [
            85.3376032,
            28.1611136
          ],
          [
            85.3376654,
            28.1606448
          ],
          [
            85.337625,
            28.1604757
          ],
          [
            85.3375494,
            28.1602767
          ],
          [
            85.3375407,
            28.1601462
          ],
          [
            85.3374678,
            28.1600291
          ],
          [
            85.337362,
            28.1598988
          ],
          [
            85.3371801,
            28.1598502
          ],
          [
            85.3369789,
            28.1598283
          ],
          [
            85.3365713,
            28.1596998
          ],
          [
            85.335946,
            28.1594676
          ],
          [
            85.3355644,
            28.1592296
          ],
          [
            85.3352234,
            28.1589672
          ],
          [
            85.3347748,
            28.1588089
          ],
          [
            85.3343802,
            28.1587523
          ],
          [
            85.3340535,
            28.158677
          ],
          [
            85.3339434,
            28.1586316
          ],
          [
            85.333848,
            28.1585642
          ],
          [
            85.3336178,
            28.1583377
          ],
          [
            85.332979,
            28.1575967
          ],
          [
            85.3327739,
            28.1573924
          ],
          [
            85.3326739,
            28.1573217
          ],
          [
            85.3324092,
            28.1571811
          ],
          [
            85.331426,
            28.1567493
          ],
          [
            85.3312826,
            28.1566735
          ],
          [
            85.3311212,
            28.1565668
          ],
          [
            85.3309161,
            28.156409
          ],
          [
            85.330426,
            28.1559941
          ],
          [
            85.3291962,
            28.1548428
          ],
          [
            85.3282423,
            28.1538869
          ],
          [
            85.328064,
            28.1537128
          ],
          [
            85.3279363,
            28.1536303
          ],
          [
            85.3275485,
            28.1534571
          ],
          [
            85.3273835,
            28.1533544
          ],
          [
            85.3273022,
            28.1532871
          ],
          [
            85.3272221,
            28.1531995
          ],
          [
            85.3270634,
            28.1529595
          ],
          [
            85.3266736,
            28.1522561
          ],
          [
            85.326519,
            28.1520573
          ],
          [
            85.3264191,
            28.1519809
          ],
          [
            85.3261108,
            28.1518156
          ],
          [
            85.3253143,
            28.1514667
          ],
          [
            85.3249712,
            28.1513013
          ],
          [
            85.3248453,
            28.1512249
          ],
          [
            85.324439,
            28.1509382
          ],
          [
            85.3242126,
            28.150821
          ],
          [
            85.3240829,
            28.1507747
          ],
          [
            85.3239379,
            28.1507387
          ],
          [
            85.3237747,
            28.1507148
          ],
          [
            85.3234034,
            28.1506985
          ],
          [
            85.3230839,
            28.1506652
          ],
          [
            85.3228256,
            28.1505994
          ],
          [
            85.3226163,
            28.1504961
          ],
          [
            85.3224435,
            28.1503504
          ],
          [
            85.3222088,
            28.1500621
          ],
          [
            85.3220265,
            28.1498619
          ],
          [
            85.3218138,
            28.1496708
          ],
          [
            85.3216942,
            28.1495823
          ],
          [
            85.3214243,
            28.1494261
          ],
          [
            85.3212726,
            28.1493613
          ],
          [
            85.3209984,
            28.1492687
          ],
          [
            85.3206945,
            28.1489647
          ],
          [
            85.3204673,
            28.1489124
          ],
          [
            85.3203607,
            28.1488221
          ],
          [
            85.3202429,
            28.148726
          ],
          [
            85.3201385,
            28.1486113
          ],
          [
            85.3201245,
            28.1485858
          ],
          [
            85.3200135,
            28.1483867
          ],
          [
            85.3199657,
            28.1483006
          ],
          [
            85.3199073,
            28.1482269
          ],
          [
            85.3198349,
            28.1481694
          ],
          [
            85.3197427,
            28.1481207
          ],
          [
            85.3195008,
            28.1480239
          ],
          [
            85.3190625,
            28.1478942
          ],
          [
            85.3186415,
            28.1478064
          ],
          [
            85.3183128,
            28.1477671
          ],
          [
            85.3181053,
            28.1477268
          ],
          [
            85.3179142,
            28.1476493
          ],
          [
            85.3178282,
            28.1475901
          ],
          [
            85.3177505,
            28.1475137
          ],
          [
            85.3176822,
            28.1474176
          ],
          [
            85.3175648,
            28.1471704
          ],
          [
            85.3174902,
            28.1470461
          ],
          [
            85.3173103,
            28.146815
          ],
          [
            85.3171119,
            28.1466138
          ],
          [
            85.3169217,
            28.1464508
          ],
          [
            85.3167665,
            28.1463341
          ],
          [
            85.3165973,
            28.146233
          ],
          [
            85.3163658,
            28.1461201
          ],
          [
            85.3160998,
            28.1460086
          ],
          [
            85.315697,
            28.1458726
          ],
          [
            85.3145872,
            28.1456305
          ],
          [
            85.3139249,
            28.1454574
          ],
          [
            85.3137532,
            28.1453985
          ],
          [
            85.3136229,
            28.1453408
          ],
          [
            85.3133995,
            28.1452158
          ],
          [
            85.3131771,
            28.1450626
          ],
          [
            85.3130771,
            28.1449731
          ],
          [
            85.3129903,
            28.1448736
          ],
          [
            85.312921,
            28.1447632
          ],
          [
            85.3128735,
            28.1446409
          ],
          [
            85.3128521,
            28.1445058
          ],
          [
            85.3128612,
            28.144357
          ],
          [
            85.3129926,
            28.1434204
          ],
          [
            85.3130287,
            28.1429048
          ],
          [
            85.3130252,
            28.1427774
          ],
          [
            85.3129957,
            28.1425949
          ],
          [
            85.3129326,
            28.141955
          ],
          [
            85.3128555,
            28.1416831
          ],
          [
            85.3127933,
            28.1415606
          ],
          [
            85.312711,
            28.1414526
          ],
          [
            85.3126147,
            28.1413619
          ],
          [
            85.3125138,
            28.141288
          ],
          [
            85.3124101,
            28.14123
          ],
          [
            85.3122014,
            28.1411581
          ],
          [
            85.3120029,
            28.1411397
          ],
          [
            85.3118292,
            28.1411678
          ],
          [
            85.3116654,
            28.1412484
          ],
          [
            85.3106353,
            28.1419047
          ],
          [
            85.3103448,
            28.1420738
          ],
          [
            85.3102541,
            28.1421148
          ],
          [
            85.3100296,
            28.142174
          ],
          [
            85.3098638,
            28.1421917
          ],
          [
            85.309779,
            28.1421898
          ],
          [
            85.3096104,
            28.1421572
          ],
          [
            85.3094494,
            28.142077
          ],
          [
            85.3076233,
            28.1407319
          ]
        ]
      },
      "id": "way/24624604"
    },
    {
      "type": "Feature",
      "properties": {
        "@id": "way/24624637",
        "name": "Mailung Khola",
        "waterway": "river"
      },
      "geometry": {
        "type": "LineString",
        "coordinates": [
          [
            85.1973493,
            28.2149249
          ],
          [
            85.1975283,
            28.2146015
          ],
          [
            85.1976,
            28.2143332
          ],
          [
            85.1977253,
            28.2141044
          ],
          [
            85.1978507,
            28.2140019
          ],
          [
            85.1983635,
            28.2137865
          ],
          [
            85.198713,
            28.2135082
          ],
          [
            85.1990014,
            28.2134638
          ],
          [
            85.1994454,
            28.2131008
          ],
          [
            85.1997368,
            28.2130106
          ],
          [
            85.1997842,
            28.2129959
          ],
          [
            85.2000955,
            28.2128345
          ],
          [
            85.2004434,
            28.212302
          ],
          [
            85.2005504,
            28.2120585
          ],
          [
            85.200576,
            28.2119475
          ],
          [
            85.2006721,
            28.2117434
          ],
          [
            85.2008096,
            28.2116203
          ],
          [
            85.2009197,
            28.211475
          ],
          [
            85.2011657,
            28.2113181
          ],
          [
            85.2013308,
            28.211244
          ],
          [
            85.2014469,
            28.2111722
          ],
          [
            85.2014959,
            28.2108161
          ],
          [
            85.2015071,
            28.2104409
          ],
          [
            85.2015542,
            28.2103141
          ],
          [
            85.2018466,
            28.2100577
          ],
          [
            85.2021246,
            28.2096078
          ],
          [
            85.2021145,
            28.2094631
          ],
          [
            85.2020412,
            28.2092203
          ],
          [
            85.2020589,
            28.20908
          ],
          [
            85.2022534,
            28.2088195
          ],
          [
            85.2025314,
            28.2084587
          ],
          [
            85.2025542,
            28.2082605
          ],
          [
            85.2025365,
            28.2080445
          ],
          [
            85.2026654,
            28.2077439
          ],
          [
            85.2031278,
            28.2066526
          ],
          [
            85.2031784,
            28.2063164
          ],
          [
            85.2035246,
            28.2057173
          ],
          [
            85.2036964,
            28.2053699
          ],
          [
            85.2037672,
            28.2050692
          ],
          [
            85.2039289,
            28.2047574
          ],
          [
            85.2042372,
            28.2041205
          ],
          [
            85.2043181,
            28.2038688
          ],
          [
            85.2042448,
            28.2035125
          ],
          [
            85.2042347,
            28.2031027
          ],
          [
            85.2040199,
            28.2025326
          ],
          [
            85.2038809,
            28.2020894
          ],
          [
            85.2035979,
            28.2015794
          ],
          [
            85.2033957,
            28.2009669
          ],
          [
            85.2032643,
            28.200526
          ],
          [
            85.2031405,
            28.2002498
          ],
          [
            85.2032163,
            28.199938
          ],
          [
            85.2036004,
            28.1994525
          ],
          [
            85.2037192,
            28.1992454
          ],
          [
            85.2037343,
            28.1990739
          ],
          [
            85.2035928,
            28.1987977
          ],
          [
            85.2035296,
            28.1986017
          ],
          [
            85.2035296,
            28.1982899
          ],
          [
            85.2036348,
            28.1975166
          ],
          [
            85.2034813,
            28.1972575
          ],
          [
            85.2033144,
            28.1971883
          ],
          [
            85.2030013,
            28.1969923
          ],
          [
            85.2027101,
            28.1968193
          ],
          [
            85.2027574,
            28.1966442
          ],
          [
            85.2027411,
            28.1964093
          ],
          [
            85.2027557,
            28.1961572
          ],
          [
            85.202618,
            28.1958511
          ],
          [
            85.2025222,
            28.1954787
          ],
          [
            85.2026475,
            28.1952816
          ],
          [
            85.2027364,
            28.1950798
          ],
          [
            85.2025304,
            28.1949078
          ],
          [
            85.2025333,
            28.1946881
          ],
          [
            85.2026234,
            28.1944487
          ],
          [
            85.2025539,
            28.1943159
          ],
          [
            85.2024391,
            28.1941759
          ],
          [
            85.2021078,
            28.194085
          ],
          [
            85.2016202,
            28.193558
          ],
          [
            85.2014261,
            28.1933973
          ],
          [
            85.2014316,
            28.1932162
          ],
          [
            85.2013345,
            28.1928183
          ],
          [
            85.2008707,
            28.1926535
          ],
          [
            85.2007718,
            28.192403
          ],
          [
            85.2006394,
            28.192159
          ],
          [
            85.2005442,
            28.1916144
          ],
          [
            85.2004828,
            28.1910305
          ],
          [
            85.2005819,
            28.1908146
          ],
          [
            85.2005222,
            28.1904948
          ],
          [
            85.2007631,
            28.1901263
          ],
          [
            85.2005407,
            28.1895596
          ],
          [
            85.2002732,
            28.1887625
          ],
          [
            85.2003601,
            28.1881599
          ],
          [
            85.2001571,
            28.187468
          ],
          [
            85.1998818,
            28.1868909
          ],
          [
            85.199609,
            28.1867878
          ],
          [
            85.1988302,
            28.186165
          ],
          [
            85.1985005,
            28.1859597
          ],
          [
            85.1983805,
            28.1854681
          ],
          [
            85.1985937,
            28.185045
          ],
          [
            85.1987198,
            28.1848015
          ],
          [
            85.1986889,
            28.1846337
          ],
          [
            85.1985467,
            28.1842547
          ],
          [
            85.1986159,
            28.1836758
          ],
          [
            85.1986232,
            28.1835982
          ],
          [
            85.1987847,
            28.1834339
          ],
          [
            85.1991517,
            28.183159
          ],
          [
            85.1994549,
            28.182856
          ],
          [
            85.1995651,
            28.1824698
          ],
          [
            85.1993538,
            28.1822769
          ],
          [
            85.1991314,
            28.1818492
          ],
          [
            85.1991719,
            28.1814572
          ],
          [
            85.1998087,
            28.1809226
          ],
          [
            85.2002518,
            28.1803515
          ],
          [
            85.2004036,
            28.1792482
          ],
          [
            85.200253,
            28.1781717
          ],
          [
            85.1999704,
            28.1769753
          ],
          [
            85.1997784,
            28.1756922
          ],
          [
            85.1987522,
            28.1748181
          ],
          [
            85.1981918,
            28.1738448
          ],
          [
            85.1979285,
            28.1731704
          ],
          [
            85.1970806,
            28.1721187
          ],
          [
            85.1967054,
            28.1707823
          ],
          [
            85.1963842,
            28.1693856
          ],
          [
            85.1960484,
            28.1683318
          ],
          [
            85.1962732,
            28.1673382
          ],
          [
            85.1964533,
            28.1671822
          ],
          [
            85.1966385,
            28.1669592
          ],
          [
            85.1967614,
            28.1668112
          ],
          [
            85.1968469,
            28.1659791
          ],
          [
            85.1971502,
            28.165685
          ],
          [
            85.1977279,
            28.1647925
          ],
          [
            85.1980498,
            28.163867
          ],
          [
            85.1980296,
            28.1629581
          ],
          [
            85.1980602,
            28.161604
          ],
          [
            85.1988785,
            28.1606788
          ],
          [
            85.1994448,
            28.1600083
          ],
          [
            85.199647,
            28.1595894
          ],
          [
            85.1996773,
            28.1593755
          ],
          [
            85.1992218,
            28.1587114
          ],
          [
            85.1985351,
            28.1573493
          ],
          [
            85.198342,
            28.1549467
          ],
          [
            85.1980749,
            28.1542427
          ],
          [
            85.1983635,
            28.1534142
          ],
          [
            85.1981749,
            28.1524404
          ],
          [
            85.1979918,
            28.1511695
          ],
          [
            85.1978346,
            28.1497754
          ],
          [
            85.198132,
            28.1489805
          ],
          [
            85.1984446,
            28.1483765
          ],
          [
            85.1987068,
            28.147814
          ],
          [
            85.1988135,
            28.1472223
          ],
          [
            85.1989175,
            28.1470931
          ],
          [
            85.199233,
            28.1467009
          ],
          [
            85.199324,
            28.1464692
          ],
          [
            85.1988287,
            28.1462241
          ],
          [
            85.198394,
            28.145904
          ],
          [
            85.1979796,
            28.1453729
          ],
          [
            85.1978485,
            28.1441813
          ],
          [
            85.1978485,
            28.1419108
          ],
          [
            85.1984789,
            28.140984
          ],
          [
            85.1978835,
            28.140077
          ],
          [
            85.1978474,
            28.1387246
          ],
          [
            85.1987068,
            28.1385807
          ],
          [
            85.1985511,
            28.137229
          ],
          [
            85.1988527,
            28.1367618
          ],
          [
            85.1992187,
            28.1361947
          ],
          [
            85.1992218,
            28.1344936
          ],
          [
            85.1991652,
            28.1333753
          ],
          [
            85.1996089,
            28.1324375
          ],
          [
            85.1993055,
            28.1316701
          ],
          [
            85.1992041,
            28.1308832
          ],
          [
            85.1991101,
            28.1301537
          ],
          [
            85.1994748,
            28.1287636
          ],
          [
            85.1996407,
            28.12827
          ],
          [
            85.1997368,
            28.1279841
          ],
          [
            85.1996952,
            28.1264011
          ],
          [
            85.1994232,
            28.1259422
          ],
          [
            85.199016,
            28.125611
          ],
          [
            85.1993197,
            28.125181
          ],
          [
            85.1995325,
            28.1245032
          ],
          [
            85.1993934,
            28.1219284
          ],
          [
            85.1997368,
            28.1201117
          ],
          [
            85.2014534,
            28.1185977
          ],
          [
            85.2022462,
            28.1172127
          ],
          [
            85.2029005,
            28.1159418
          ],
          [
            85.20317,
            28.1154182
          ],
          [
            85.2027532,
            28.1133662
          ],
          [
            85.2011953,
            28.1124659
          ],
          [
            85.2004234,
            28.1108759
          ],
          [
            85.1986822,
            28.1082673
          ],
          [
            85.1981366,
            28.1077411
          ],
          [
            85.1983608,
            28.1073404
          ],
          [
            85.1984225,
            28.1069349
          ],
          [
            85.1981473,
            28.106112
          ],
          [
            85.1982543,
            28.1056044
          ],
          [
            85.1980558,
            28.1050029
          ],
          [
            85.1979393,
            28.104853
          ],
          [
            85.1979036,
            28.1048222
          ],
          [
            85.1978219,
            28.1047927
          ],
          [
            85.1975443,
            28.1047393
          ],
          [
            85.1974731,
            28.1046887
          ],
          [
            85.1974323,
            28.1046194
          ],
          [
            85.1973822,
            28.1044745
          ],
          [
            85.1973239,
            28.1043613
          ],
          [
            85.197262,
            28.1041491
          ],
          [
            85.1972204,
            28.103914
          ],
          [
            85.1972151,
            28.1037883
          ],
          [
            85.1972237,
            28.1037278
          ],
          [
            85.1972987,
            28.1034656
          ],
          [
            85.1974833,
            28.1029413
          ],
          [
            85.197503,
            28.102814
          ],
          [
            85.1975022,
            28.1026539
          ],
          [
            85.1974871,
            28.1024876
          ],
          [
            85.19744,
            28.1022413
          ],
          [
            85.197386,
            28.1021452
          ],
          [
            85.197283,
            28.1020053
          ],
          [
            85.1968345,
            28.1014448
          ],
          [
            85.1968045,
            28.1013865
          ],
          [
            85.1967865,
            28.1012932
          ],
          [
            85.1968048,
            28.101224
          ],
          [
            85.1968557,
            28.1011242
          ],
          [
            85.1968461,
            28.1010526
          ],
          [
            85.1968121,
            28.1009947
          ],
          [
            85.1967491,
            28.1009214
          ],
          [
            85.1965245,
            28.1007062
          ],
          [
            85.1964323,
            28.100572
          ],
          [
            85.1964007,
            28.1005036
          ],
          [
            85.1963602,
            28.1003713
          ],
          [
            85.1963366,
            28.1001635
          ],
          [
            85.1963494,
            28.1000579
          ],
          [
            85.1964748,
            28.0996194
          ],
          [
            85.1964971,
            28.0994396
          ],
          [
            85.1964792,
            28.0993075
          ],
          [
            85.1963939,
            28.0991091
          ],
          [
            85.1963621,
            28.0990042
          ],
          [
            85.1963603,
            28.0989475
          ],
          [
            85.1963727,
            28.0988937
          ],
          [
            85.1963972,
            28.0988429
          ],
          [
            85.1964734,
            28.0987511
          ],
          [
            85.1965716,
            28.0986729
          ],
          [
            85.1967642,
            28.0985562
          ],
          [
            85.1968354,
            28.0984891
          ],
          [
            85.1969085,
            28.0983677
          ],
          [
            85.1969433,
            28.0982428
          ],
          [
            85.1969396,
            28.0981258
          ],
          [
            85.1968457,
            28.0977899
          ],
          [
            85.1968039,
            28.0975407
          ],
          [
            85.1968152,
            28.0973861
          ],
          [
            85.1968536,
            28.0972563
          ],
          [
            85.1969324,
            28.0971097
          ],
          [
            85.1970633,
            28.0969499
          ],
          [
            85.1971579,
            28.0968827
          ],
          [
            85.1973668,
            28.0967858
          ],
          [
            85.1974819,
            28.0967151
          ],
          [
            85.197628,
            28.0965907
          ],
          [
            85.1977237,
            28.0964776
          ],
          [
            85.1977517,
            28.096421
          ],
          [
            85.1977636,
            28.0963533
          ],
          [
            85.1977693,
            28.0960993
          ],
          [
            85.1977807,
            28.0960129
          ],
          [
            85.1978273,
            28.0958863
          ],
          [
            85.1979075,
            28.0957479
          ],
          [
            85.19791,
            28.0957423
          ],
          [
            85.1979455,
            28.095634
          ],
          [
            85.1979584,
            28.0955492
          ],
          [
            85.1979527,
            28.0954598
          ],
          [
            85.1979153,
            28.0953797
          ],
          [
            85.1978366,
            28.0953226
          ],
          [
            85.1975621,
            28.0952266
          ],
          [
            85.1974285,
            28.0951535
          ],
          [
            85.1973367,
            28.0950636
          ],
          [
            85.1973023,
            28.0949881
          ],
          [
            85.1972952,
            28.0949431
          ],
          [
            85.1973045,
            28.0948343
          ],
          [
            85.1973224,
            28.0947689
          ],
          [
            85.1974937,
            28.0942705
          ],
          [
            85.1975809,
            28.09387
          ],
          [
            85.1976515,
            28.0936694
          ],
          [
            85.1977335,
            28.0935519
          ],
          [
            85.1980372,
            28.0933072
          ],
          [
            85.1981904,
            28.0932398
          ],
          [
            85.1984057,
            28.0932045
          ],
          [
            85.1985762,
            28.0931554
          ],
          [
            85.1988191,
            28.0930483
          ],
          [
            85.1989428,
            28.0929769
          ],
          [
            85.1990122,
            28.0929233
          ],
          [
            85.1991241,
            28.0927742
          ],
          [
            85.1992005,
            28.092709
          ],
          [
            85.1993084,
            28.092657
          ],
          [
            85.1993769,
            28.0926393
          ],
          [
            85.1994404,
            28.09262
          ],
          [
            85.199485,
            28.0925913
          ],
          [
            85.1995139,
            28.0925549
          ],
          [
            85.1995379,
            28.0924648
          ],
          [
            85.1995386,
            28.0923089
          ],
          [
            85.199554,
            28.0922087
          ],
          [
            85.1995658,
            28.0921587
          ],
          [
            85.1995676,
            28.0920445
          ],
          [
            85.1995493,
            28.0919218
          ],
          [
            85.1994768,
            28.0916196
          ],
          [
            85.1994517,
            28.0912953
          ],
          [
            85.1994577,
            28.0910734
          ],
          [
            85.1994981,
            28.0907179
          ],
          [
            85.1995905,
            28.0901909
          ],
          [
            85.1995975,
            28.0900376
          ],
          [
            85.1995832,
            28.0897719
          ],
          [
            85.1995946,
            28.0896735
          ],
          [
            85.1996171,
            28.0895741
          ],
          [
            85.199682,
            28.0893857
          ],
          [
            85.1998061,
            28.0891325
          ],
          [
            85.1998276,
            28.0889985
          ],
          [
            85.1998275,
            28.0888817
          ],
          [
            85.1998105,
            28.0887877
          ],
          [
            85.1997105,
            28.0884422
          ],
          [
            85.1996934,
            28.0883233
          ],
          [
            85.1996961,
            28.0882582
          ],
          [
            85.19973,
            28.0880953
          ],
          [
            85.1998744,
            28.0876195
          ],
          [
            85.199908,
            28.0874572
          ],
          [
            85.1999081,
            28.0873866
          ],
          [
            85.1998937,
            28.0873166
          ],
          [
            85.199831,
            28.0871779
          ],
          [
            85.1995379,
            28.0867568
          ],
          [
            85.1995056,
            28.0866856
          ],
          [
            85.1994934,
            28.0866172
          ],
          [
            85.1994977,
            28.086552
          ],
          [
            85.1995426,
            28.0864337
          ],
          [
            85.1996125,
            28.0863348
          ],
          [
            85.1997042,
            28.0862314
          ],
          [
            85.1997176,
            28.0862077
          ],
          [
            85.1997137,
            28.0861625
          ],
          [
            85.1996787,
            28.0861196
          ],
          [
            85.1995064,
            28.0859994
          ],
          [
            85.1994504,
            28.085943
          ],
          [
            85.1992805,
            28.0856802
          ],
          [
            85.1992605,
            28.0856281
          ],
          [
            85.1992485,
            28.08553
          ],
          [
            85.1993018,
            28.0852754
          ],
          [
            85.1993182,
            28.0852334
          ],
          [
            85.1993549,
            28.0851853
          ],
          [
            85.1995452,
            28.0850222
          ],
          [
            85.1999584,
            28.0847369
          ],
          [
            85.2000221,
            28.0846647
          ],
          [
            85.200072,
            28.0845824
          ],
          [
            85.2001074,
            28.0844919
          ],
          [
            85.200128,
            28.0843951
          ],
          [
            85.2001208,
            28.0842657
          ],
          [
            85.2000835,
            28.084097
          ],
          [
            85.1999194,
            28.0836071
          ],
          [
            85.1998395,
            28.0832551
          ],
          [
            85.1997886,
            28.0831522
          ],
          [
            85.1997469,
            28.083112
          ],
          [
            85.1996675,
            28.0830644
          ],
          [
            85.1996356,
            28.0830461
          ],
          [
            85.1994967,
            28.0829661
          ],
          [
            85.1995424,
            28.0823776
          ],
          [
            85.1993915,
            28.0819234
          ],
          [
            85.199631,
            28.0812701
          ],
          [
            85.1996685,
            28.0811068
          ],
          [
            85.1997042,
            28.0807082
          ],
          [
            85.1998951,
            28.0801341
          ],
          [
            85.2000551,
            28.0798377
          ],
          [
            85.2008345,
            28.0795607
          ],
          [
            85.2017565,
            28.0787411
          ],
          [
            85.2018744,
            28.0786455
          ],
          [
            85.2019958,
            28.0785689
          ],
          [
            85.2023338,
            28.0785087
          ],
          [
            85.2028476,
            28.0782398
          ],
          [
            85.2035877,
            28.0773888
          ],
          [
            85.2041909,
            28.0770187
          ],
          [
            85.2050344,
            28.0759936
          ],
          [
            85.2055655,
            28.0749032
          ],
          [
            85.2058194,
            28.0743708
          ],
          [
            85.2063129,
            28.0739206
          ],
          [
            85.2071484,
            28.073416
          ],
          [
            85.2074455,
            28.0729113
          ],
          [
            85.2074827,
            28.0722008
          ],
          [
            85.2078044,
            28.0716497
          ],
          [
            85.2080876,
            28.0715696
          ],
          [
            85.2083087,
            28.071507
          ]
        ]
      },
      "id": "way/24624637"
    },
    {
      "type": "Feature",
      "properties": {
        "@id": "way/24626530",
        "name": "Liep (Tatopani) Khola",
        "waterway": "river"
      },
      "geometry": {
        "type": "LineString",
        "coordinates": [
          [
            85.0829775,
            28.2613114
          ],
          [
            85.0833877,
            28.2609906
          ],
          [
            85.0833193,
            28.2603938
          ],
          [
            85.0836358,
            28.259978
          ],
          [
            85.083609,
            28.2596189
          ],
          [
            85.0833716,
            28.259006
          ],
          [
            85.0829599,
            28.2582628
          ],
          [
            85.0827815,
            28.2575602
          ],
          [
            85.0823363,
            28.2567427
          ],
          [
            85.0821767,
            28.2561034
          ],
          [
            85.0818926,
            28.2552301
          ],
          [
            85.081408,
            28.2535348
          ],
          [
            85.0809788,
            28.2526932
          ],
          [
            85.0811449,
            28.2518639
          ],
          [
            85.0807849,
            28.2505711
          ],
          [
            85.0803973,
            28.2503393
          ],
          [
            85.0802865,
            28.2493392
          ],
          [
            85.0798157,
            28.2483025
          ],
          [
            85.0791373,
            28.247839
          ],
          [
            85.0781788,
            28.2475265
          ],
          [
            85.0777926,
            28.247432
          ],
          [
            85.0774707,
            28.2473469
          ],
          [
            85.0773419,
            28.2471485
          ],
          [
            85.0772347,
            28.2469027
          ],
          [
            85.0771703,
            28.2465152
          ],
          [
            85.0773205,
            28.2461561
          ],
          [
            85.077417,
            28.245882
          ],
          [
            85.0776316,
            28.2456363
          ],
          [
            85.0778891,
            28.2454472
          ],
          [
            85.0779535,
            28.2450125
          ],
          [
            85.0776853,
            28.2447667
          ],
          [
            85.0775029,
            28.2445116
          ],
          [
            85.0772776,
            28.2442847
          ],
          [
            85.0769343,
            28.24385
          ],
          [
            85.0765373,
            28.2436609
          ],
          [
            85.0763265,
            28.2435601
          ],
          [
            85.0761618,
            28.2434813
          ],
          [
            85.0758292,
            28.2431127
          ],
          [
            85.0755824,
            28.2428008
          ],
          [
            85.075282,
            28.2422999
          ],
          [
            85.0752498,
            28.2420542
          ],
          [
            85.0751318,
            28.2417139
          ],
          [
            85.075046,
            28.2414965
          ],
          [
            85.0748958,
            28.2413169
          ],
          [
            85.0747348,
            28.2411373
          ],
          [
            85.0744237,
            28.2409105
          ],
          [
            85.0741769,
            28.2407404
          ],
          [
            85.0738443,
            28.2405135
          ],
          [
            85.0734688,
            28.24023
          ],
          [
            85.0731041,
            28.2400787
          ],
          [
            85.0727607,
            28.2399653
          ],
          [
            85.0725676,
            28.2398235
          ],
          [
            85.072353,
            28.2396062
          ],
          [
            85.0722672,
            28.2393888
          ],
          [
            85.0722887,
            28.2391147
          ],
          [
            85.0723591,
            28.2390309
          ],
          [
            85.0725032,
            28.2388595
          ],
          [
            85.0730184,
            28.2385003
          ],
          [
            85.0734261,
            28.2382167
          ],
          [
            85.0735548,
            28.2378954
          ],
          [
            85.0734905,
            28.237366
          ],
          [
            85.0733403,
            28.2368367
          ],
          [
            85.0730828,
            28.2362885
          ],
          [
            85.0728299,
            28.2358718
          ],
          [
            85.0726966,
            28.2355181
          ],
          [
            85.073006,
            28.2345716
          ],
          [
            85.0723614,
            28.2315884
          ],
          [
            85.072688,
            28.2309978
          ],
          [
            85.0721638,
            28.2303693
          ],
          [
            85.0727486,
            28.2297397
          ],
          [
            85.0733933,
            28.2284924
          ],
          [
            85.0731784,
            28.2279938
          ],
          [
            85.0732811,
            28.227519
          ],
          [
            85.0728346,
            28.2272229
          ],
          [
            85.0723908,
            28.2265589
          ],
          [
            85.0723746,
            28.2259715
          ],
          [
            85.0712037,
            28.2254557
          ],
          [
            85.070293,
            28.224553
          ],
          [
            85.0700003,
            28.2241804
          ],
          [
            85.0697401,
            28.2239798
          ],
          [
            85.0698865,
            28.223507
          ],
          [
            85.0705044,
            28.2229052
          ],
          [
            85.0709272,
            28.2221171
          ],
          [
            85.0713544,
            28.2210623
          ],
          [
            85.0706678,
            28.2198522
          ],
          [
            85.0716334,
            28.2175739
          ],
          [
            85.0710154,
            28.2168468
          ],
          [
            85.0699061,
            28.2163921
          ],
          [
            85.0689512,
            28.2148606
          ],
          [
            85.0684362,
            28.2119865
          ],
          [
            85.0686078,
            28.2103226
          ],
          [
            85.0686078,
            28.2080535
          ],
          [
            85.0686078,
            28.2065407
          ],
          [
            85.0688464,
            28.2055953
          ],
          [
            85.0682097,
            28.2051444
          ],
          [
            85.0692945,
            28.2038177
          ],
          [
            85.0692945,
            28.2023049
          ],
          [
            85.0698095,
            28.1992792
          ],
          [
            85.0696378,
            28.1968586
          ],
          [
            85.0696022,
            28.1963086
          ],
          [
            85.0694531,
            28.1958074
          ],
          [
            85.0695856,
            28.1954859
          ],
          [
            85.0696446,
            28.1952297
          ],
          [
            85.0701002,
            28.1949909
          ],
          [
            85.070538,
            28.1948106
          ],
          [
            85.070849,
            28.1944961
          ],
          [
            85.0711285,
            28.1941279
          ],
          [
            85.0713167,
            28.1938198
          ],
          [
            85.0712303,
            28.1935243
          ],
          [
            85.071086,
            28.1932818
          ],
          [
            85.0708281,
            28.193085
          ],
          [
            85.0708231,
            28.1928208
          ],
          [
            85.0710248,
            28.1926099
          ],
          [
            85.0712974,
            28.1925215
          ],
          [
            85.0713794,
            28.1921366
          ],
          [
            85.0714154,
            28.1918619
          ],
          [
            85.0713204,
            28.1915428
          ],
          [
            85.0713392,
            28.1911168
          ]
        ]
      },
      "id": "way/24626530"
    },
    {
      "type": "Feature",
      "properties": {
        "@id": "way/84690392",
        "alt_name": "吉隆藏布",
        "alt_name:en": "Kerung Khola",
        "alt_name:zh": "吉隆藏布",
        "alt_name:zh-Hans": "吉隆藏布",
        "alt_name:zh-Hant": "吉隆藏布",
        "alt_name:zh-Latn-pinyin": "jílóng zàngbù",
        "loc_name": "Gyirong Zangbo",
        "loc_name:en": "Gyirong Zangbo",
        "name": "吉隆藏布",
        "name:bo": "སྐྱིད་གྲོང་གཙང་པོ",
        "name:bo-Latn-thl": "kyi drong tsang po",
        "name:bo-Latn-wylie": "skyid grong gtsang po",
        "name:en": "Kyirong Tsangpo",
        "name:zh": "吉隆藏布",
        "name:zh-Hans": "吉隆藏布",
        "name:zh-Hant": "吉隆藏布",
        "name:zh-Latn-pinyin": "tèěrsūlǐ hé",
        "nsdi_code": "JD3404",
        "short_name": "Trisuli",
        "short_name:en": "Trisuli",
        "waterway": "river",
        "zhb_code": "17JD030800"
      },
      "geometry": {
        "type": "LineString",
        "coordinates": [
          [
            85.2902719,
            28.4087538
          ],
          [
            85.2914082,
            28.4084174
          ],
          [
            85.2919566,
            28.4079846
          ],
          [
            85.292594,
            28.4076754
          ],
          [
            85.2933344,
            28.4064552
          ],
          [
            85.2943702,
            28.4055071
          ],
          [
            85.2954716,
            28.4049959
          ],
          [
            85.2962214,
            28.405033
          ],
          [
            85.2969525,
            28.4054287
          ],
          [
            85.2975712,
            28.4060883
          ],
          [
            85.2979508,
            28.4069787
          ],
          [
            85.2989678,
            28.4073786
          ],
          [
            85.2999707,
            28.4072838
          ],
          [
            85.300416,
            28.4075476
          ],
          [
            85.3007019,
            28.4082237
          ],
          [
            85.3012736,
            28.4084875
          ],
          [
            85.3023328,
            28.4085411
          ],
          [
            85.3026515,
            28.4083144
          ],
          [
            85.3029749,
            28.4078527
          ],
          [
            85.3038091,
            28.4072632
          ],
          [
            85.3043387,
            28.4066778
          ],
          [
            85.3046621,
            28.4058946
          ],
          [
            85.305187,
            28.4052762
          ],
          [
            85.3059556,
            28.4046702
          ],
          [
            85.3061759,
            28.4042126
          ],
          [
            85.3062227,
            28.4036149
          ],
          [
            85.3065742,
            28.4033098
          ],
          [
            85.3069117,
            28.4031573
          ],
          [
            85.3076287,
            28.4032397
          ],
          [
            85.3079427,
            28.4031078
          ],
          [
            85.3081524,
            28.4028766
          ],
          [
            85.308941,
            28.4020071
          ],
          [
            85.3096018,
            28.4016855
          ],
          [
            85.3101548,
            28.401669
          ],
          [
            85.3108859,
            28.4018381
          ],
          [
            85.3115374,
            28.4016897
          ],
          [
            85.3121513,
            28.4019576
          ],
          [
            85.3132902,
            28.4020483
          ],
          [
            85.3136651,
            28.4019205
          ],
          [
            85.3136651,
            28.4013269
          ],
          [
            85.3140822,
            28.4009723
          ],
          [
            85.3141104,
            28.400457
          ],
          [
            85.3137542,
            28.3997933
          ],
          [
            85.3130746,
            28.3992903
          ],
          [
            85.3122638,
            28.3987461
          ],
          [
            85.3116452,
            28.3982638
          ],
          [
            85.3113265,
            28.3968785
          ],
          [
            85.3113687,
            28.3966023
          ],
          [
            85.3118373,
            28.396289
          ],
          [
            85.31262,
            28.3960581
          ],
          [
            85.3130887,
            28.3950027
          ],
          [
            85.3133652,
            28.3946852
          ],
          [
            85.3139276,
            28.3945079
          ],
          [
            85.3140073,
            28.394174
          ],
          [
            85.3141994,
            28.3934236
          ],
          [
            85.314565,
            28.3929907
          ],
          [
            85.3154086,
            28.3926568
          ],
          [
            85.3162006,
            28.3926073
          ],
          [
            85.3167677,
            28.3922033
          ],
          [
            85.3169083,
            28.3916673
          ],
          [
            85.3168286,
            28.3909953
          ],
          [
            85.316988,
            28.3907644
          ],
          [
            85.3178925,
            28.3901336
          ],
          [
            85.3188532,
            28.3895605
          ],
          [
            85.3191375,
            28.3895996
          ],
          [
            85.320053,
            28.3897254
          ],
          [
            85.320517,
            28.3895605
          ],
          [
            85.3209857,
            28.3892925
          ],
          [
            85.3212294,
            28.3888884
          ],
          [
            85.3215012,
            28.388707
          ],
          [
            85.3225838,
            28.3890946
          ],
          [
            85.3232868,
            28.3891894
          ],
          [
            85.3239523,
            28.3889832
          ],
          [
            85.3243997,
            28.388645
          ],
          [
            85.3245919,
            28.3878345
          ],
          [
            85.3244652,
            28.3870901
          ],
          [
            85.324083,
            28.386711
          ],
          [
            85.3239206,
            28.3859909
          ],
          [
            85.3243282,
            28.3856061
          ],
          [
            85.3243912,
            28.3853174
          ],
          [
            85.3242123,
            28.3850084
          ],
          [
            85.3234169,
            28.3845798
          ],
          [
            85.323175,
            28.3839938
          ],
          [
            85.3225798,
            28.3831256
          ],
          [
            85.3225765,
            28.38249
          ],
          [
            85.322772,
            28.3815454
          ],
          [
            85.322888,
            28.3810352
          ],
          [
            85.3230902,
            28.3808077
          ],
          [
            85.3233288,
            28.3799039
          ],
          [
            85.3233785,
            28.3794286
          ],
          [
            85.3235773,
            28.3792012
          ],
          [
            85.3239319,
            28.3791312
          ],
          [
            85.3247007,
            28.3787376
          ],
          [
            85.325231,
            28.3783761
          ],
          [
            85.3264434,
            28.3773072
          ],
          [
            85.3273339,
            28.3769856
          ],
          [
            85.3285708,
            28.3770138
          ],
          [
            85.3299862,
            28.3775127
          ],
          [
            85.3310266,
            28.3783663
          ],
          [
            85.3322381,
            28.3788293
          ],
          [
            85.3330699,
            28.378841
          ],
          [
            85.3336962,
            28.3786485
          ],
          [
            85.3346473,
            28.3778992
          ],
          [
            85.3350246,
            28.3776877
          ],
          [
            85.3353761,
            28.3777042
          ],
          [
            85.3355729,
            28.3773372
          ],
          [
            85.3365102,
            28.3769455
          ],
          [
            85.3367399,
            28.376496
          ],
          [
            85.337232,
            28.3763022
          ],
          [
            85.3377897,
            28.3757084
          ],
          [
            85.3381318,
            28.3754487
          ],
          [
            85.3384458,
            28.3748549
          ],
          [
            85.3382349,
            28.3742075
          ],
          [
            85.3383193,
            28.3734446
          ],
          [
            85.3380146,
            28.3730817
          ],
          [
            85.3371476,
            28.3722322
          ],
          [
            85.335611,
            28.3717588
          ],
          [
            85.3350774,
            28.3714147
          ],
          [
            85.3348189,
            28.3710298
          ],
          [
            85.3348024,
            28.3706391
          ],
          [
            85.3350476,
            28.3700647
          ],
          [
            85.3356209,
            28.3697876
          ],
          [
            85.3363533,
            28.369289
          ],
          [
            85.3369449,
            28.3690959
          ],
          [
            85.3380996,
            28.3690862
          ],
          [
            85.3395942,
            28.3693894
          ],
          [
            85.3408767,
            28.3694565
          ],
          [
            85.3413406,
            28.369302
          ],
          [
            85.3419968,
            28.3689404
          ],
          [
            85.3421592,
            28.3686896
          ],
          [
            85.3421459,
            28.3683135
          ],
          [
            85.3422785,
            28.3680889
          ],
          [
            85.3426033,
            28.3679081
          ],
          [
            85.343339,
            28.3675874
          ],
          [
            85.3434848,
            28.3674299
          ],
          [
            85.3439487,
            28.3673366
          ],
          [
            85.3449893,
            28.3673949
          ],
          [
            85.3462305,
            28.3669984
          ],
          [
            85.3471544,
            28.3670779
          ],
          [
            85.3479067,
            28.3673024
          ],
          [
            85.3482281,
            28.3673024
          ],
          [
            85.34848,
            28.3670983
          ],
          [
            85.3486026,
            28.3668825
          ],
          [
            85.3490168,
            28.3666813
          ],
          [
            85.3494907,
            28.3667775
          ],
          [
            85.3500375,
            28.367072
          ],
          [
            85.3503192,
            28.3670458
          ],
          [
            85.3507501,
            28.3669204
          ],
          [
            85.351161,
            28.3670429
          ],
          [
            85.3519696,
            28.3675561
          ],
          [
            85.3525263,
            28.3676552
          ],
          [
            85.3532819,
            28.368218
          ],
          [
            85.3539513,
            28.3684513
          ],
          [
            85.3545346,
            28.3683988
          ],
          [
            85.3554095,
            28.3681568
          ],
          [
            85.3563871,
            28.3681305
          ],
          [
            85.3570731,
            28.3682151
          ],
          [
            85.3574575,
            28.3680547
          ]
        ]
      },
      "id": "way/84690392"
    },
    {
      "type": "Feature",
      "properties": {
        "@id": "way/84953861",
        "boat": "no",
        "name": "Trishuli Ganga River",
        "name:en": "Trishuli Ganga River",
        "name:ko": "트리슐리강",
        "waterway": "river"
      },
      "geometry": {
        "type": "LineString",
        "coordinates": [
          [
            85.2710554,
            28.1046086
          ],
          [
            85.2709716,
            28.1042902
          ],
          [
            85.2709017,
            28.1041608
          ],
          [
            85.2708132,
            28.1040786
          ],
          [
            85.2706991,
            28.1040129
          ],
          [
            85.2705617,
            28.1039595
          ],
          [
            85.2703148,
            28.1039081
          ],
          [
            85.2701239,
            28.1038999
          ],
          [
            85.2700097,
            28.1038382
          ],
          [
            85.2699189,
            28.1037602
          ],
          [
            85.2697792,
            28.1036636
          ],
          [
            85.2695416,
            28.1035671
          ],
          [
            85.2693227,
            28.1034787
          ],
          [
            85.2691876,
            28.1033924
          ],
          [
            85.2691084,
            28.1032918
          ],
          [
            85.2690059,
            28.1030452
          ],
          [
            85.268964,
            28.1028973
          ],
          [
            85.2689058,
            28.1027371
          ],
          [
            85.2688382,
            28.1026303
          ],
          [
            85.2686659,
            28.1024577
          ],
          [
            85.2685471,
            28.1024043
          ],
          [
            85.2683864,
            28.1023467
          ],
          [
            85.2682281,
            28.1023098
          ],
          [
            85.2680441,
            28.1022995
          ],
          [
            85.2678484,
            28.1023077
          ],
          [
            85.2676924,
            28.1023406
          ],
          [
            85.2675573,
            28.1024043
          ],
          [
            85.2674292,
            28.1024454
          ],
          [
            85.2673244,
            28.1024659
          ],
          [
            85.2672382,
            28.1024721
          ],
          [
            85.2671451,
            28.1024556
          ],
          [
            85.2670705,
            28.1024392
          ],
          [
            85.2669657,
            28.1023714
          ],
          [
            85.2668516,
            28.102244
          ],
          [
            85.2666932,
            28.1020653
          ],
          [
            85.2666187,
            28.1019831
          ],
          [
            85.2665442,
            28.101866
          ],
          [
            85.266458,
            28.1016667
          ],
          [
            85.2664231,
            28.1015435
          ],
          [
            85.2663765,
            28.1014572
          ],
          [
            85.2662973,
            28.1013914
          ],
          [
            85.266118,
            28.101336
          ],
          [
            85.265948,
            28.1013298
          ],
          [
            85.2658851,
            28.1013072
          ],
          [
            85.2658315,
            28.101262
          ],
          [
            85.2657919,
            28.1011922
          ],
          [
            85.2657337,
            28.1010874
          ],
          [
            85.2656336,
            28.1009497
          ],
          [
            85.2654752,
            28.1007731
          ],
          [
            85.2653378,
            28.1006436
          ],
          [
            85.2652246,
            28.100484
          ],
          [
            85.2650128,
            28.1002845
          ],
          [
            85.2647071,
            28.1000095
          ],
          [
            85.2645275,
            28.0998585
          ],
          [
            85.2644089,
            28.099722
          ],
          [
            85.2642993,
            28.0995494
          ],
          [
            85.2641826,
            28.0993514
          ],
          [
            85.26415,
            28.0992445
          ],
          [
            85.2641197,
            28.0991213
          ],
          [
            85.2640731,
            28.0989446
          ],
          [
            85.2640103,
            28.0988603
          ],
          [
            85.2639357,
            28.0987535
          ],
          [
            85.2638412,
            28.0985804
          ],
          [
            85.263796,
            28.0984994
          ],
          [
            85.2636236,
            28.0982871
          ],
          [
            85.2635118,
            28.0981721
          ],
          [
            85.2634415,
            28.0981075
          ],
          [
            85.2633208,
            28.0979986
          ],
          [
            85.2631183,
            28.0978484
          ],
          [
            85.2629252,
            28.097749
          ],
          [
            85.2626368,
            28.0976153
          ],
          [
            85.2621326,
            28.0973728
          ],
          [
            85.2619649,
            28.0972486
          ],
          [
            85.2618442,
            28.0971457
          ],
          [
            85.2616981,
            28.09698
          ],
          [
            85.2614956,
            28.0967434
          ],
          [
            85.2612582,
            28.0964654
          ],
          [
            85.2610731,
            28.0962726
          ],
          [
            85.2608424,
            28.0960958
          ],
          [
            85.2603355,
            28.0958952
          ],
          [
            85.2595496,
            28.0956775
          ],
          [
            85.2585974,
            28.095474
          ],
          [
            85.2577016,
            28.0953604
          ],
          [
            85.2568969,
            28.0952326
          ],
          [
            85.2562344,
            28.0951404
          ],
          [
            85.2556095,
            28.0950292
          ],
          [
            85.2548853,
            28.094763
          ],
          [
            85.2545017,
            28.0945701
          ],
          [
            85.2539545,
            28.0942389
          ],
          [
            85.2536361,
            28.0940161
          ],
          [
            85.2533323,
            28.0938035
          ],
          [
            85.2526204,
            28.0933609
          ],
          [
            85.2520609,
            28.0931078
          ],
          [
            85.2514654,
            28.092928
          ],
          [
            85.2503065,
            28.0927968
          ],
          [
            85.2496684,
            28.0927245
          ],
          [
            85.2488476,
            28.0926724
          ],
          [
            85.2479571,
            28.0926535
          ],
          [
            85.2469218,
            28.0926109
          ],
          [
            85.2458408,
            28.0925423
          ],
          [
            85.2448887,
            28.0924855
          ],
          [
            85.2441671,
            28.0924902
          ],
          [
            85.2436924,
            28.0925115
          ],
          [
            85.2432471,
            28.0924784
          ],
          [
            85.2429011,
            28.0924737
          ],
          [
            85.2423245,
            28.0922394
          ],
          [
            85.2420455,
            28.0921116
          ],
          [
            85.2417746,
            28.0919744
          ],
          [
            85.2415118,
            28.091752
          ],
          [
            85.2411523,
            28.0915627
          ],
          [
            85.2407715,
            28.0914609
          ],
          [
            85.2400419,
            28.0913923
          ],
          [
            85.2386606,
            28.0913757
          ],
          [
            85.2376977,
            28.0913119
          ],
          [
            85.2370325,
            28.0912101
          ],
          [
            85.2362573,
            28.0909711
          ],
          [
            85.2335697,
            28.0900483
          ],
          [
            85.2328482,
            28.0897856
          ],
          [
            85.2324714,
            28.0896532
          ],
          [
            85.2321884,
            28.0895537
          ],
          [
            85.2320878,
            28.0895194
          ],
          [
            85.2318826,
            28.0894449
          ],
          [
            85.2316385,
            28.0893289
          ],
          [
            85.2314079,
            28.0891657
          ],
          [
            85.2311799,
            28.0889906
          ],
          [
            85.2309975,
            28.0887681
          ],
          [
            85.2307078,
            28.0883233
          ],
          [
            85.2302411,
            28.0878145
          ],
          [
            85.2297851,
            28.0874548
          ],
          [
            85.2296993,
            28.0873554
          ],
          [
            85.2295572,
            28.0869816
          ],
          [
            85.2294552,
            28.0867899
          ],
          [
            85.2293506,
            28.0866384
          ],
          [
            85.2292433,
            28.0864894
          ],
          [
            85.2291092,
            28.0863616
          ],
          [
            85.2290288,
            28.0862764
          ],
          [
            85.2289805,
            28.0861675
          ],
          [
            85.2289376,
            28.0858528
          ],
          [
            85.2289,
            28.0856777
          ],
          [
            85.2288651,
            28.0855144
          ],
          [
            85.2288142,
            28.0854292
          ],
          [
            85.2287284,
            28.0853417
          ],
          [
            85.2286211,
            28.0852683
          ],
          [
            85.2284548,
            28.0851902
          ],
          [
            85.2283153,
            28.0851571
          ],
          [
            85.2277037,
            28.0850553
          ],
          [
            85.2272156,
            28.0849252
          ],
          [
            85.2267998,
            28.0847856
          ],
          [
            85.2264807,
            28.0846436
          ],
          [
            85.2260971,
            28.0844306
          ],
          [
            85.2258664,
            28.0843241
          ],
          [
            85.2252373,
            28.0840919
          ],
          [
            85.225103,
            28.0840315
          ],
          [
            85.2247698,
            28.0838421
          ],
          [
            85.2246353,
            28.0837657
          ],
          [
            85.2243215,
            28.0835503
          ],
          [
            85.223954,
            28.0833089
          ],
          [
            85.2235249,
            28.0830841
          ],
          [
            85.2230926,
            28.0829039
          ],
          [
            85.2223416,
            28.082637
          ],
          [
            85.2221988,
            28.082578
          ],
          [
            85.2220567,
            28.0824796
          ],
          [
            85.2219611,
            28.08236
          ],
          [
            85.221878,
            28.0822417
          ],
          [
            85.2217734,
            28.0820476
          ],
          [
            85.2216715,
            28.0819033
          ],
          [
            85.2215543,
            28.0817885
          ],
          [
            85.2212289,
            28.0816004
          ],
          [
            85.2207836,
            28.081385
          ],
          [
            85.2203652,
            28.0812217
          ],
          [
            85.2197295,
            28.0810135
          ],
          [
            85.2194023,
            28.0808904
          ],
          [
            85.2191448,
            28.0807461
          ],
          [
            85.2189866,
            28.0806065
          ],
          [
            85.2188015,
            28.0803958
          ],
          [
            85.2186674,
            28.0802278
          ],
          [
            85.218485,
            28.080003
          ],
          [
            85.2183589,
            28.0798563
          ],
          [
            85.2182028,
            28.0797126
          ],
          [
            85.2179007,
            28.0794701
          ],
          [
            85.2178874,
            28.0794598
          ],
          [
            85.2177782,
            28.079389
          ],
          [
            85.2176865,
            28.0793173
          ],
          [
            85.2175483,
            28.0791764
          ],
          [
            85.2174587,
            28.0790475
          ],
          [
            85.2173282,
            28.0788018
          ],
          [
            85.2171469,
            28.0785771
          ],
          [
            85.2169583,
            28.0783928
          ],
          [
            85.2166371,
            28.0781825
          ],
          [
            85.21653,
            28.0780994
          ],
          [
            85.216492,
            28.0780575
          ],
          [
            85.2164061,
            28.0778896
          ],
          [
            85.2163146,
            28.0777831
          ],
          [
            85.2162355,
            28.0777331
          ],
          [
            85.2159512,
            28.0776624
          ],
          [
            85.2157672,
            28.0775736
          ],
          [
            85.2157047,
            28.0775321
          ],
          [
            85.2152953,
            28.0771988
          ],
          [
            85.215087,
            28.0770532
          ],
          [
            85.2150142,
            28.0770023
          ],
          [
            85.214582,
            28.0767799
          ],
          [
            85.2135014,
            28.0762876
          ],
          [
            85.2128995,
            28.0759548
          ],
          [
            85.212885,
            28.0759468
          ],
          [
            85.2125144,
            28.0757196
          ],
          [
            85.2116963,
            28.0751283
          ],
          [
            85.2114714,
            28.0749819
          ],
          [
            85.2112937,
            28.0749158
          ],
          [
            85.2109564,
            28.0748422
          ],
          [
            85.2107155,
            28.0748141
          ],
          [
            85.2102698,
            28.0747973
          ],
          [
            85.2100557,
            28.0747645
          ],
          [
            85.2098524,
            28.0747062
          ],
          [
            85.2097574,
            28.0746671
          ],
          [
            85.2095853,
            28.0745681
          ],
          [
            85.2095103,
            28.0745079
          ],
          [
            85.2093513,
            28.0743434
          ],
          [
            85.209173,
            28.0741294
          ],
          [
            85.2088511,
            28.0736956
          ],
          [
            85.2087539,
            28.073547
          ],
          [
            85.2086393,
            28.0733444
          ],
          [
            85.2085087,
            28.0730607
          ],
          [
            85.2083926,
            28.0726968
          ],
          [
            85.2083212,
            28.0722852
          ],
          [
            85.2082993,
            28.0719323
          ],
          [
            85.2083087,
            28.071507
          ],
          [
            85.2083079,
            28.0710515
          ],
          [
            85.2082934,
            28.0708966
          ],
          [
            85.2082658,
            28.0707591
          ],
          [
            85.208206,
            28.0706033
          ],
          [
            85.2081573,
            28.0705066
          ],
          [
            85.2080204,
            28.0702899
          ],
          [
            85.2079313,
            28.0701756
          ],
          [
            85.2077101,
            28.0699496
          ],
          [
            85.2075772,
            28.0698437
          ],
          [
            85.2074289,
            28.0697462
          ],
          [
            85.2071282,
            28.0695832
          ],
          [
            85.2069395,
            28.0694888
          ],
          [
            85.2067316,
            28.0694107
          ],
          [
            85.2062065,
            28.0692415
          ],
          [
            85.205922,
            28.069134
          ],
          [
            85.2055355,
            28.0689646
          ],
          [
            85.2054226,
            28.0689036
          ],
          [
            85.20536,
            28.0688574
          ],
          [
            85.2052825,
            28.0687782
          ],
          [
            85.2052399,
            28.0687121
          ],
          [
            85.2052032,
            28.0686301
          ],
          [
            85.2051725,
            28.068525
          ],
          [
            85.2051543,
            28.0683858
          ],
          [
            85.2051172,
            28.0677943
          ],
          [
            85.2051226,
            28.0673492
          ],
          [
            85.2051635,
            28.0670106
          ],
          [
            85.2053128,
            28.0665505
          ],
          [
            85.2054647,
            28.0661623
          ],
          [
            85.2055031,
            28.0660866
          ],
          [
            85.2055859,
            28.0659645
          ],
          [
            85.2058706,
            28.0656197
          ],
          [
            85.2062253,
            28.0652287
          ],
          [
            85.2063101,
            28.0650963
          ],
          [
            85.2063549,
            28.0650264
          ],
          [
            85.2065984,
            28.0646015
          ],
          [
            85.2068474,
            28.0641391
          ],
          [
            85.2069725,
            28.0638783
          ],
          [
            85.2069987,
            28.0638238
          ],
          [
            85.2070294,
            28.0637597
          ],
          [
            85.2072168,
            28.0633692
          ],
          [
            85.2074316,
            28.0628702
          ],
          [
            85.2075072,
            28.0626323
          ],
          [
            85.2076549,
            28.0621671
          ],
          [
            85.2077493,
            28.0618632
          ],
          [
            85.2077916,
            28.0616979
          ],
          [
            85.2078792,
            28.0613246
          ],
          [
            85.2079306,
            28.0609033
          ],
          [
            85.2079608,
            28.0606393
          ],
          [
            85.207994,
            28.060362
          ],
          [
            85.2080756,
            28.0600847
          ],
          [
            85.2081844,
            28.0597941
          ],
          [
            85.2083234,
            28.0595488
          ],
          [
            85.208408,
            28.0592955
          ],
          [
            85.2085168,
            28.0587142
          ],
          [
            85.2085863,
            28.0582822
          ],
          [
            85.2086558,
            28.0579702
          ],
          [
            85.208692,
            28.0577089
          ],
          [
            85.208695,
            28.0575089
          ],
          [
            85.2087068,
            28.0571865
          ],
          [
            85.2087162,
            28.0565863
          ],
          [
            85.2087378,
            28.0562124
          ],
          [
            85.2087494,
            28.0560504
          ],
          [
            85.2087222,
            28.055885
          ],
          [
            85.2086739,
            28.0557037
          ],
          [
            85.2085681,
            28.0554584
          ],
          [
            85.2082781,
            28.0549837
          ],
          [
            85.2080847,
            28.0547011
          ],
          [
            85.207997,
            28.0545731
          ],
          [
            85.2076496,
            28.0540211
          ],
          [
            85.207157,
            28.0532291
          ],
          [
            85.2069093,
            28.0528212
          ],
          [
            85.2068126,
            28.0526692
          ],
          [
            85.2066675,
            28.0524638
          ],
          [
            85.20645,
            28.0522212
          ],
          [
            85.2062838,
            28.0521145
          ],
          [
            85.2061267,
            28.0520398
          ],
          [
            85.2056463,
            28.0518932
          ],
          [
            85.2054106,
            28.0518238
          ],
          [
            85.2052051,
            28.0516798
          ],
          [
            85.2050208,
            28.0515385
          ],
          [
            85.2045947,
            28.0512052
          ],
          [
            85.2042291,
            28.0508985
          ],
          [
            85.2037517,
            28.0505172
          ],
          [
            85.2029389,
            28.0499652
          ],
          [
            85.2028271,
            28.0498452
          ],
          [
            85.2026967,
            28.0496576
          ],
          [
            85.2026696,
            28.0496102
          ],
          [
            85.2025417,
            28.0493866
          ],
          [
            85.2024978,
            28.0491465
          ],
          [
            85.2024796,
            28.0489492
          ],
          [
            85.2024736,
            28.0487492
          ],
          [
            85.2024736,
            28.0484558
          ],
          [
            85.2024524,
            28.0482478
          ],
          [
            85.2023708,
            28.0480398
          ],
          [
            85.2021352,
            28.0475998
          ],
          [
            85.2019267,
            28.0472238
          ],
          [
            85.2014493,
            28.0463625
          ],
          [
            85.2009356,
            28.0454398
          ],
          [
            85.2007599,
            28.045232
          ],
          [
            85.1992857,
            28.0442181
          ],
          [
            85.1977716,
            28.0432499
          ],
          [
            85.1967953,
            28.0424864
          ],
          [
            85.1954529,
            28.0415845
          ],
          [
            85.19519,
            28.0413915
          ],
          [
            85.1949513,
            28.0411465
          ],
          [
            85.1945624,
            28.0407156
          ],
          [
            85.1942271,
            28.0402777
          ],
          [
            85.1939119,
            28.0398303
          ],
          [
            85.1937269,
            28.0394136
          ],
          [
            85.1935284,
            28.0383258
          ],
          [
            85.1935297,
            28.0380452
          ],
          [
            85.1935311,
            28.0376558
          ],
          [
            85.1935525,
            28.0374581
          ],
          [
            85.1937336,
            28.0369598
          ],
          [
            85.1940259,
            28.0364389
          ],
          [
            85.1942298,
            28.036169
          ],
          [
            85.1945704,
            28.0358045
          ],
          [
            85.1947153,
            28.035634
          ],
          [
            85.1948091,
            28.0353759
          ],
          [
            85.1948225,
            28.0349356
          ],
          [
            85.1948145,
            28.0344739
          ],
          [
            85.194793,
            28.0340857
          ],
          [
            85.1947609,
            28.0336193
          ],
          [
            85.1947099,
            28.0333044
          ],
          [
            85.1946214,
            28.0330866
          ],
          [
            85.1945516,
            28.032999
          ],
          [
            85.1944068,
            28.0328995
          ],
          [
            85.1942486,
            28.0327575
          ],
          [
            85.1940903,
            28.0325515
          ],
          [
            85.1939987,
            28.032384
          ],
          [
            85.1939052,
            28.0321254
          ],
          [
            85.1937443,
            28.0316874
          ],
          [
            85.1932964,
            28.0307758
          ],
          [
            85.1932071,
            28.0297448
          ]
        ]
      },
      "id": "way/84953861"
    },
    {
      "type": "Feature",
      "properties": {
        "@id": "way/119684552",
        "boat": "no",
        "name": "Trishuli Ganga River",
        "name:en": "Trishuli Ganga River",
        "name:ko": "트리슐리강",
        "waterway": "river"
      },
      "geometry": {
        "type": "LineString",
        "coordinates": [
          [
            85.2981267,
            28.1275022
          ],
          [
            85.2980461,
            28.1273133
          ],
          [
            85.297939,
            28.1271264
          ],
          [
            85.297776,
            28.1268183
          ],
          [
            85.2976758,
            28.126656
          ],
          [
            85.2975361,
            28.1264958
          ],
          [
            85.2974126,
            28.1264198
          ],
          [
            85.2972566,
            28.1263849
          ],
          [
            85.2970656,
            28.1263582
          ],
          [
            85.2969701,
            28.1263027
          ],
          [
            85.2968653,
            28.1261918
          ],
          [
            85.2967465,
            28.1260439
          ],
          [
            85.29653,
            28.1258714
          ],
          [
            85.2963134,
            28.1257605
          ],
          [
            85.2960409,
            28.1256619
          ],
          [
            85.2956962,
            28.1255366
          ],
          [
            85.2954237,
            28.1254298
          ],
          [
            85.2952048,
            28.1253189
          ],
          [
            85.2949579,
            28.1251546
          ],
          [
            85.294555,
            28.1248423
          ],
          [
            85.2942219,
            28.124561
          ],
          [
            85.2940403,
            28.1243638
          ],
          [
            85.2937911,
            28.1240926
          ],
          [
            85.2935815,
            28.1237784
          ],
          [
            85.2934114,
            28.1234415
          ],
          [
            85.2932717,
            28.1231909
          ],
          [
            85.2931506,
            28.1230492
          ],
          [
            85.2929876,
            28.1229054
          ],
          [
            85.2928595,
            28.1228356
          ],
          [
            85.2926592,
            28.1227493
          ],
          [
            85.2923378,
            28.122624
          ],
          [
            85.292198,
            28.1225521
          ],
          [
            85.2920117,
            28.1224761
          ],
          [
            85.2918394,
            28.1224453
          ],
          [
            85.2916135,
            28.1224268
          ],
          [
            85.2914085,
            28.1223139
          ],
          [
            85.2912571,
            28.1221927
          ],
          [
            85.2911081,
            28.1219667
          ],
          [
            85.2909078,
            28.1216216
          ],
          [
            85.2907401,
            28.1213094
          ],
          [
            85.2905375,
            28.1210506
          ],
          [
            85.290265,
            28.1208349
          ],
          [
            85.2900134,
            28.1206809
          ],
          [
            85.2898318,
            28.1205885
          ],
          [
            85.2895243,
            28.1204775
          ],
          [
            85.2893194,
            28.1204303
          ],
          [
            85.2891127,
            28.1202822
          ],
          [
            85.2889856,
            28.1201641
          ],
          [
            85.2887092,
            28.1198921
          ],
          [
            85.2885066,
            28.1195573
          ],
          [
            85.2882807,
            28.1191711
          ],
          [
            85.2881246,
            28.118937
          ],
          [
            85.2879104,
            28.1187131
          ],
          [
            85.2876425,
            28.1185241
          ],
          [
            85.2874981,
            28.118446
          ],
          [
            85.2873188,
            28.1183741
          ],
          [
            85.2871348,
            28.1183207
          ],
          [
            85.2869601,
            28.1182529
          ],
          [
            85.2867039,
            28.1181749
          ],
          [
            85.2864757,
            28.1180886
          ],
          [
            85.2860518,
            28.1179428
          ],
          [
            85.2856885,
            28.1177641
          ],
          [
            85.2853322,
            28.1175566
          ],
          [
            85.285069,
            28.1174005
          ],
          [
            85.2849223,
            28.1173101
          ],
          [
            85.2847359,
            28.1172033
          ],
          [
            85.284543,
            28.1171113
          ],
          [
            85.2843716,
            28.1170029
          ],
          [
            85.2841956,
            28.1169202
          ],
          [
            85.2840824,
            28.1168444
          ],
          [
            85.2839483,
            28.116773
          ],
          [
            85.2838556,
            28.1166224
          ],
          [
            85.2837076,
            28.1165134
          ],
          [
            85.2835416,
            28.1164248
          ],
          [
            85.2832671,
            28.116345
          ],
          [
            85.2830665,
            28.1162579
          ],
          [
            85.2828945,
            28.1161599
          ],
          [
            85.282767,
            28.1159654
          ],
          [
            85.2827093,
            28.1158475
          ],
          [
            85.2825337,
            28.1155345
          ],
          [
            85.2826143,
            28.1155286
          ],
          [
            85.2825968,
            28.1153732
          ],
          [
            85.2825436,
            28.1151409
          ],
          [
            85.2824721,
            28.1148892
          ],
          [
            85.2823435,
            28.1145988
          ],
          [
            85.2821521,
            28.1143051
          ],
          [
            85.2818759,
            28.1140296
          ],
          [
            85.2815569,
            28.1136968
          ],
          [
            85.2812122,
            28.1132819
          ],
          [
            85.2811226,
            28.1131441
          ],
          [
            85.2810004,
            28.1129807
          ],
          [
            85.2807019,
            28.1127824
          ],
          [
            85.2803481,
            28.1125136
          ],
          [
            85.2801618,
            28.1123493
          ],
          [
            85.2800011,
            28.1122568
          ],
          [
            85.2799502,
            28.1122053
          ],
          [
            85.2798431,
            28.1121409
          ],
          [
            85.2796828,
            28.1120114
          ],
          [
            85.2794689,
            28.1118427
          ],
          [
            85.2793348,
            28.111707
          ],
          [
            85.2791394,
            28.1115399
          ],
          [
            85.2790392,
            28.1114002
          ],
          [
            85.2789344,
            28.1112441
          ],
          [
            85.2788483,
            28.1111229
          ],
          [
            85.2787365,
            28.1110243
          ],
          [
            85.2786375,
            28.1109493
          ],
          [
            85.278556,
            28.1109133
          ],
          [
            85.2784803,
            28.1108907
          ],
          [
            85.2783618,
            28.1108712
          ],
          [
            85.2783206,
            28.1108658
          ],
          [
            85.2783029,
            28.110867
          ],
          [
            85.277999,
            28.110841
          ],
          [
            85.277881,
            28.1108202
          ],
          [
            85.2777608,
            28.1107786
          ],
          [
            85.2776613,
            28.1107689
          ],
          [
            85.2775729,
            28.1107092
          ],
          [
            85.2774654,
            28.1105934
          ],
          [
            85.2773171,
            28.1102092
          ],
          [
            85.2772736,
            28.1100911
          ],
          [
            85.2771837,
            28.1099484
          ],
          [
            85.2770519,
            28.1097828
          ],
          [
            85.2769504,
            28.1096898
          ],
          [
            85.2768976,
            28.1096554
          ],
          [
            85.2764147,
            28.1094724
          ],
          [
            85.2762238,
            28.1093779
          ],
          [
            85.2760758,
            28.1092741
          ],
          [
            85.2759983,
            28.109169
          ],
          [
            85.2759175,
            28.1089796
          ],
          [
            85.2758784,
            28.1089306
          ],
          [
            85.2758092,
            28.108894
          ],
          [
            85.2756373,
            28.1088534
          ],
          [
            85.27561,
            28.1088284
          ],
          [
            85.2755813,
            28.1087398
          ],
          [
            85.2755568,
            28.1085638
          ],
          [
            85.2755101,
            28.108477
          ],
          [
            85.2754473,
            28.1084379
          ],
          [
            85.2754083,
            28.1084307
          ],
          [
            85.2751765,
            28.1084419
          ],
          [
            85.2750815,
            28.1084221
          ],
          [
            85.2750367,
            28.1083971
          ],
          [
            85.2749796,
            28.1083366
          ],
          [
            85.2749267,
            28.1081049
          ],
          [
            85.2748489,
            28.1079807
          ],
          [
            85.2746771,
            28.1077927
          ],
          [
            85.2744599,
            28.1076149
          ],
          [
            85.2740853,
            28.107395
          ],
          [
            85.2738132,
            28.1072704
          ],
          [
            85.2736109,
            28.1072039
          ],
          [
            85.2735078,
            28.1071811
          ],
          [
            85.2730324,
            28.1071235
          ],
          [
            85.2728981,
            28.1070958
          ],
          [
            85.2727514,
            28.1070438
          ],
          [
            85.2726745,
            28.1070058
          ],
          [
            85.2726016,
            28.1069612
          ],
          [
            85.2724709,
            28.1068594
          ],
          [
            85.2723211,
            28.1067038
          ],
          [
            85.2722418,
            28.1065896
          ],
          [
            85.2718936,
            28.1057988
          ],
          [
            85.2717537,
            28.1055297
          ],
          [
            85.2716827,
            28.1054544
          ],
          [
            85.2714004,
            28.1052333
          ],
          [
            85.2713191,
            28.1051558
          ],
          [
            85.2711876,
            28.1049874
          ],
          [
            85.2710554,
            28.1046086
          ]
        ]
      },
      "id": "way/119684552"
    },
    {
      "type": "Feature",
      "properties": {
        "@id": "way/201928141",
        "alt_name:en": "Bhotekoshi Nadi;Bhotekoshi",
        "intermittent": "no",
        "name": "भोटे कोशी",
        "name:de": "Bhotekoshi",
        "name:en": "Bhote Koshi",
        "name:ko": "보테코시 강",
        "name:ne": "भोटे कोशी",
        "name:zh": "波达柯西河",
        "tidal": "no",
        "waterway": "river"
      },
      "geometry": {
        "type": "LineString",
        "coordinates": [
          [
            85.376979,
            28.2780546
          ],
          [
            85.3768216,
            28.2779066
          ],
          [
            85.3767462,
            28.2777463
          ],
          [
            85.3767613,
            28.2775121
          ],
          [
            85.3765985,
            28.2770261
          ],
          [
            85.3771714,
            28.2758879
          ],
          [
            85.3773933,
            28.2751452
          ],
          [
            85.3776105,
            28.2744659
          ],
          [
            85.3776476,
            28.2741356
          ],
          [
            85.3777286,
            28.2734137
          ],
          [
            85.3776181,
            28.2726571
          ],
          [
            85.3775209,
            28.2719917
          ],
          [
            85.3776048,
            28.2713134
          ],
          [
            85.3775962,
            28.2706383
          ],
          [
            85.3775949,
            28.270283
          ],
          [
            85.3773685,
            28.2698453
          ],
          [
            85.3767389,
            28.2692069
          ],
          [
            85.3763324,
            28.2688538
          ],
          [
            85.376239,
            28.2682701
          ],
          [
            85.3761588,
            28.268068
          ],
          [
            85.3760461,
            28.2677839
          ],
          [
            85.3758622,
            28.2674971
          ],
          [
            85.3758404,
            28.2671284
          ],
          [
            85.3757841,
            28.2668506
          ],
          [
            85.3755782,
            28.266605
          ],
          [
            85.3752892,
            28.2663322
          ],
          [
            85.3750465,
            28.2662087
          ],
          [
            85.3747305,
            28.2660842
          ],
          [
            85.374483,
            28.2660575
          ],
          [
            85.3740981,
            28.2658021
          ],
          [
            85.3738543,
            28.2655288
          ],
          [
            85.3736376,
            28.2652264
          ],
          [
            85.3732695,
            28.2649583
          ],
          [
            85.3728356,
            28.2648002
          ],
          [
            85.3726159,
            28.2645444
          ],
          [
            85.3725014,
            28.2642226
          ],
          [
            85.3725293,
            28.2637686
          ],
          [
            85.3727395,
            28.2633658
          ],
          [
            85.3728672,
            28.2630691
          ],
          [
            85.372849,
            28.2627265
          ],
          [
            85.3726205,
            28.2623202
          ],
          [
            85.3721556,
            28.2619653
          ],
          [
            85.371794,
            28.2617948
          ],
          [
            85.3711533,
            28.2614335
          ],
          [
            85.3709295,
            28.2612648
          ],
          [
            85.3706772,
            28.2609758
          ],
          [
            85.3701434,
            28.2603391
          ],
          [
            85.369643,
            28.2598333
          ],
          [
            85.369335,
            28.2595682
          ],
          [
            85.3689459,
            28.2591658
          ],
          [
            85.3687436,
            28.2589566
          ],
          [
            85.3680626,
            28.2586969
          ],
          [
            85.3674829,
            28.2585703
          ],
          [
            85.3665112,
            28.2584886
          ],
          [
            85.3658447,
            28.2581913
          ],
          [
            85.3655834,
            28.2579395
          ],
          [
            85.3654734,
            28.2576234
          ],
          [
            85.3655078,
            28.2570507
          ],
          [
            85.3655078,
            28.2564967
          ],
          [
            85.3651377,
            28.254852
          ],
          [
            85.3650429,
            28.2542095
          ],
          [
            85.3650446,
            28.2534983
          ],
          [
            85.3650598,
            28.2530637
          ],
          [
            85.3650195,
            28.2522315
          ],
          [
            85.3648935,
            28.2520075
          ],
          [
            85.3647465,
            28.2517719
          ],
          [
            85.3646775,
            28.2514446
          ],
          [
            85.3646449,
            28.2511203
          ],
          [
            85.3648108,
            28.2505815
          ],
          [
            85.36497,
            28.2500646
          ],
          [
            85.3650164,
            28.2497402
          ],
          [
            85.3649821,
            28.249554
          ],
          [
            85.3648616,
            28.2494292
          ],
          [
            85.364336,
            28.2489507
          ],
          [
            85.3640952,
            28.2486872
          ],
          [
            85.3638697,
            28.2481966
          ],
          [
            85.3633558,
            28.2467827
          ],
          [
            85.3631936,
            28.2465653
          ],
          [
            85.3629994,
            28.2463895
          ],
          [
            85.3624306,
            28.2458514
          ],
          [
            85.3611588,
            28.2450484
          ],
          [
            85.3604894,
            28.2447003
          ],
          [
            85.3596845,
            28.2442672
          ],
          [
            85.3592583,
            28.2438852
          ],
          [
            85.3588736,
            28.2434913
          ],
          [
            85.3586512,
            28.2432473
          ],
          [
            85.358457,
            28.2428725
          ],
          [
            85.3582262,
            28.2423521
          ],
          [
            85.3581454,
            28.2416326
          ],
          [
            85.3581813,
            28.2411955
          ],
          [
            85.3582245,
            28.2406879
          ],
          [
            85.3582515,
            28.2403252
          ],
          [
            85.3582567,
            28.2397252
          ],
          [
            85.3582034,
            28.2392849
          ],
          [
            85.3582631,
            28.2386698
          ],
          [
            85.3581634,
            28.2382734
          ],
          [
            85.3580332,
            28.2380123
          ],
          [
            85.3579697,
            28.2378227
          ],
          [
            85.3579239,
            28.2376081
          ],
          [
            85.3579374,
            28.2373559
          ],
          [
            85.358087,
            28.2370764
          ],
          [
            85.3584222,
            28.23691
          ],
          [
            85.3585944,
            28.2368124
          ],
          [
            85.3587017,
            28.2366909
          ],
          [
            85.3587843,
            28.2364763
          ],
          [
            85.358794,
            28.2362643
          ],
          [
            85.3588086,
            28.2359585
          ],
          [
            85.3588799,
            28.2357066
          ],
          [
            85.3590113,
            28.2351725
          ],
          [
            85.3591105,
            28.2349433
          ],
          [
            85.3592688,
            28.2347566
          ],
          [
            85.3594673,
            28.2345889
          ],
          [
            85.3596367,
            28.2343824
          ],
          [
            85.3598347,
            28.233913
          ],
          [
            85.360057,
            28.2334183
          ],
          [
            85.3603115,
            28.2329665
          ],
          [
            85.3603513,
            28.2327601
          ],
          [
            85.3603578,
            28.2321643
          ],
          [
            85.3603979,
            28.2316935
          ],
          [
            85.3604357,
            28.2311473
          ],
          [
            85.3605317,
            28.23082
          ],
          [
            85.360677,
            28.2305289
          ],
          [
            85.3607477,
            28.2302819
          ],
          [
            85.3608379,
            28.2300611
          ],
          [
            85.3608727,
            28.2295459
          ],
          [
            85.3609988,
            28.2289197
          ],
          [
            85.361031,
            28.2285227
          ],
          [
            85.3610095,
            28.2280429
          ],
          [
            85.360978,
            28.2276578
          ],
          [
            85.3609934,
            28.227386
          ],
          [
            85.3610739,
            28.2266628
          ],
          [
            85.36108,
            28.2264494
          ],
          [
            85.3610873,
            28.2258924
          ],
          [
            85.361097,
            28.2255196
          ],
          [
            85.3611168,
            28.2251645
          ],
          [
            85.3611661,
            28.2247643
          ],
          [
            85.3611157,
            28.2243836
          ],
          [
            85.3610444,
            28.2241672
          ],
          [
            85.3609334,
            28.2237594
          ],
          [
            85.3609103,
            28.2234369
          ],
          [
            85.3608544,
            28.2231308
          ],
          [
            85.3608245,
            28.2229265
          ],
          [
            85.3607766,
            28.2227661
          ],
          [
            85.3606904,
            28.222631
          ],
          [
            85.360536,
            28.222457
          ],
          [
            85.3603604,
            28.2221915
          ],
          [
            85.3599903,
            28.2218275
          ],
          [
            85.3599375,
            28.2217743
          ],
          [
            85.3597462,
            28.2215817
          ],
          [
            85.3595547,
            28.2213854
          ],
          [
            85.3593171,
            28.2213028
          ],
          [
            85.3591132,
            28.2212627
          ],
          [
            85.3588825,
            28.2211563
          ],
          [
            85.3587438,
            28.2210795
          ],
          [
            85.3586572,
            28.2209271
          ],
          [
            85.3585698,
            28.2207489
          ],
          [
            85.3584718,
            28.2205331
          ],
          [
            85.3582308,
            28.2202393
          ],
          [
            85.3580672,
            28.2200337
          ],
          [
            85.3577882,
            28.2197855
          ],
          [
            85.3576004,
            28.2196012
          ],
          [
            85.3573912,
            28.2193649
          ],
          [
            85.3571874,
            28.2190907
          ],
          [
            85.3568763,
            28.2188165
          ],
          [
            85.3565893,
            28.2185944
          ],
          [
            85.3564122,
            28.218462
          ],
          [
            85.356254,
            28.2182659
          ],
          [
            85.3559624,
            28.2179836
          ],
          [
            85.3557745,
            28.2177415
          ],
          [
            85.3556367,
            28.2175385
          ],
          [
            85.3555419,
            28.2173248
          ],
          [
            85.3554214,
            28.2170492
          ],
          [
            85.3552582,
            28.216824
          ],
          [
            85.3550939,
            28.2165683
          ],
          [
            85.3548749,
            28.216323
          ],
          [
            85.3548004,
            28.216186
          ],
          [
            85.3547013,
            28.2160753
          ],
          [
            85.3546174,
            28.2158921
          ],
          [
            85.3546029,
            28.2156445
          ],
          [
            85.354615,
            28.2154387
          ],
          [
            85.3546433,
            28.2152425
          ],
          [
            85.3546835,
            28.2147811
          ],
          [
            85.3547627,
            28.214411
          ],
          [
            85.3548374,
            28.2140348
          ],
          [
            85.3548592,
            28.2136405
          ],
          [
            85.3548512,
            28.2132576
          ],
          [
            85.3547822,
            28.212834
          ],
          [
            85.3546037,
            28.2121479
          ],
          [
            85.3544623,
            28.2117237
          ],
          [
            85.3543764,
            28.2114968
          ],
          [
            85.354277,
            28.2112688
          ],
          [
            85.3541994,
            28.2110146
          ],
          [
            85.3541709,
            28.2107702
          ],
          [
            85.354202,
            28.2105184
          ],
          [
            85.3542691,
            28.2101235
          ],
          [
            85.3542678,
            28.2099214
          ],
          [
            85.3542182,
            28.2097264
          ],
          [
            85.3541944,
            28.2094957
          ],
          [
            85.354186,
            28.2092868
          ],
          [
            85.3542477,
            28.2088826
          ],
          [
            85.3543558,
            28.2085319
          ],
          [
            85.3543335,
            28.2082209
          ],
          [
            85.3544435,
            28.2077953
          ],
          [
            85.3545052,
            28.2075826
          ],
          [
            85.3546929,
            28.2071926
          ],
          [
            85.3548217,
            28.2067884
          ],
          [
            85.3548605,
            28.2065511
          ],
          [
            85.3548646,
            28.2064575
          ],
          [
            85.3548955,
            28.2062059
          ],
          [
            85.3548431,
            28.2060722
          ],
          [
            85.3548029,
            28.2059091
          ],
          [
            85.3546876,
            28.2057058
          ],
          [
            85.3545772,
            28.2055263
          ],
          [
            85.3544489,
            28.2053962
          ],
          [
            85.3543079,
            28.2052212
          ],
          [
            85.3538936,
            28.2047532
          ],
          [
            85.3537488,
            28.2045311
          ],
          [
            85.35362,
            28.2043065
          ],
          [
            85.3535745,
            28.2041907
          ],
          [
            85.3532921,
            28.2037442
          ],
          [
            85.3532002,
            28.2032427
          ],
          [
            85.352985,
            28.2023396
          ],
          [
            85.3525852,
            28.2003513
          ],
          [
            85.35248,
            28.1995918
          ],
          [
            85.3523831,
            28.199336
          ],
          [
            85.352108,
            28.1990037
          ],
          [
            85.3519543,
            28.1985975
          ],
          [
            85.3518202,
            28.1980166
          ],
          [
            85.3515916,
            28.1976113
          ],
          [
            85.351472,
            28.1974739
          ],
          [
            85.3512821,
            28.1973014
          ],
          [
            85.3510543,
            28.1971358
          ],
          [
            85.3509353,
            28.197051
          ],
          [
            85.350757,
            28.1968721
          ],
          [
            85.3505912,
            28.1965873
          ],
          [
            85.3503538,
            28.1956769
          ],
          [
            85.3502347,
            28.1952771
          ],
          [
            85.3497741,
            28.1942085
          ],
          [
            85.3491297,
            28.1934251
          ],
          [
            85.34891,
            28.1920078
          ],
          [
            85.3487117,
            28.1916909
          ],
          [
            85.3483397,
            28.1911612
          ],
          [
            85.3474878,
            28.1897316
          ],
          [
            85.3467497,
            28.1886996
          ],
          [
            85.346105,
            28.1879348
          ],
          [
            85.3459219,
            28.1874569
          ],
          [
            85.3457747,
            28.1867874
          ],
          [
            85.3458047,
            28.1862178
          ],
          [
            85.3451906,
            28.1856063
          ],
          [
            85.3445442,
            28.1849538
          ],
          [
            85.344102,
            28.1840369
          ],
          [
            85.3439246,
            28.1836371
          ],
          [
            85.3438114,
            28.1831794
          ],
          [
            85.3436949,
            28.1827808
          ],
          [
            85.343715,
            28.1824017
          ],
          [
            85.3436936,
            28.1823194
          ],
          [
            85.3436134,
            28.1821557
          ],
          [
            85.3434173,
            28.1820751
          ],
          [
            85.3431107,
            28.1819754
          ],
          [
            85.3429162,
            28.1817393
          ],
          [
            85.3427556,
            28.1811583
          ]
        ]
      },
      "id": "way/201928141"
    },
    {
      "type": "Feature",
      "properties": {
        "@id": "way/248708069",
        "alt_name": "伦德科拉河",
        "alt_name:en": "Lhende Khola;Lhende River",
        "alt_name:zh": "伦德科拉河",
        "alt_name:zh-Hans": "伦德科拉河",
        "alt_name:zh-Hant": "倫德科拉河",
        "loc_name": "伦德霍拉河",
        "loc_name:zh": "伦德霍拉河",
        "loc_name:zh-Hans": "伦德霍拉河",
        "loc_name:zh-Hant": "倫德霍拉河",
        "name": "东林藏布",
        "name:de": "Lhende",
        "name:en": "Lende Khola",
        "name:zh": "东林藏布",
        "name:zh-Hans": "东林藏布",
        "name:zh-Hant": "東林藏布",
        "name:zh-Latn-pinyin": "Lún dé kē lā hé",
        "short_name": "伦德科拉",
        "short_name:zh": "伦德科拉",
        "short_name:zh-Hans": "伦德科拉",
        "short_name:zh-Hant": "倫德科拉",
        "waterway": "river",
        "wikidata": "Q28961063"
      },
      "geometry": {
        "type": "LineString",
        "coordinates": [
          [
            85.4421446,
            28.4382724
          ],
          [
            85.442463,
            28.4378672
          ],
          [
            85.4425208,
            28.4376322
          ],
          [
            85.4429289,
            28.4374178
          ],
          [
            85.4432269,
            28.4369399
          ],
          [
            85.4433298,
            28.4364571
          ],
          [
            85.4432901,
            28.4360172
          ],
          [
            85.443151,
            28.4356742
          ],
          [
            85.4427754,
            28.4351296
          ],
          [
            85.4426418,
            28.4347516
          ],
          [
            85.4426562,
            28.4343499
          ],
          [
            85.4429362,
            28.4337083
          ],
          [
            85.4433966,
            28.4329636
          ],
          [
            85.4437307,
            28.432141
          ],
          [
            85.443756,
            28.4318106
          ],
          [
            85.4434255,
            28.4314327
          ],
          [
            85.4432251,
            28.4309769
          ],
          [
            85.4432666,
            28.4303894
          ],
          [
            85.4431962,
            28.4301924
          ],
          [
            85.4429687,
            28.4299939
          ],
          [
            85.4429181,
            28.4296843
          ],
          [
            85.4429921,
            28.429211
          ],
          [
            85.4429831,
            28.4290046
          ],
          [
            85.4427953,
            28.4284599
          ],
          [
            85.4429542,
            28.4276642
          ],
          [
            85.4433479,
            28.4272879
          ],
          [
            85.4442129,
            28.4271735
          ],
          [
            85.444361,
            28.4268765
          ],
          [
            85.4442111,
            28.4263032
          ],
          [
            85.4444187,
            28.4257569
          ],
          [
            85.4446896,
            28.4254091
          ],
          [
            85.4448973,
            28.4249994
          ],
          [
            85.4449226,
            28.4246182
          ],
          [
            85.4451122,
            28.4241386
          ],
          [
            85.4454246,
            28.4238543
          ],
          [
            85.4459898,
            28.4234303
          ],
          [
            85.4465171,
            28.4233191
          ],
          [
            85.4468548,
            28.4232016
          ],
          [
            85.447021,
            28.4228729
          ],
          [
            85.4473171,
            28.422506
          ],
          [
            85.4476097,
            28.4219994
          ],
          [
            85.4471997,
            28.4217008
          ],
          [
            85.4466688,
            28.421399
          ],
          [
            85.4465442,
            28.4211227
          ],
          [
            85.4465605,
            28.4208225
          ],
          [
            85.4469632,
            28.4202952
          ],
          [
            85.4470838,
            28.4199744
          ],
          [
            85.4471961,
            28.4196758
          ],
          [
            85.4471889,
            28.4193725
          ],
          [
            85.4470029,
            28.419039
          ],
          [
            85.4469722,
            28.4179526
          ],
          [
            85.4467988,
            28.4175381
          ],
          [
            85.4463564,
            28.4172157
          ],
          [
            85.4461939,
            28.4168774
          ],
          [
            85.4461505,
            28.4163707
          ],
          [
            85.4462589,
            28.4161134
          ],
          [
            85.4466381,
            28.4156147
          ],
          [
            85.4466706,
            28.4153225
          ],
          [
            85.4468422,
            28.4149969
          ],
          [
            85.4473532,
            28.4147173
          ],
          [
            85.4474598,
            28.414541
          ],
          [
            85.447234,
            28.4141313
          ],
          [
            85.4472882,
            28.4136055
          ],
          [
            85.4473623,
            28.4134499
          ],
          [
            85.4478047,
            28.4130719
          ],
          [
            85.4478932,
            28.4126589
          ],
          [
            85.4477668,
            28.4120887
          ],
          [
            85.447848,
            28.4115376
          ],
          [
            85.4477054,
            28.4113263
          ],
          [
            85.44703,
            28.4107053
          ],
          [
            85.446974,
            28.4104543
          ],
          [
            85.4468277,
            28.4102621
          ],
          [
            85.446351,
            28.4098571
          ],
          [
            85.4461957,
            28.4093933
          ],
          [
            85.4462715,
            28.408831
          ],
          [
            85.4465496,
            28.4083878
          ],
          [
            85.4468259,
            28.4080209
          ],
          [
            85.4471004,
            28.4075444
          ],
          [
            85.4474796,
            28.4076032
          ],
          [
            85.4477848,
            28.4074936
          ],
          [
            85.4480629,
            28.4072236
          ],
          [
            85.4481424,
            28.4070202
          ],
          [
            85.448258,
            28.4069424
          ],
          [
            85.4485541,
            28.4068805
          ],
          [
            85.4486697,
            28.4067343
          ],
          [
            85.4486318,
            28.4065072
          ],
          [
            85.4484277,
            28.4062705
          ],
          [
            85.4485397,
            28.4060338
          ],
          [
            85.448648,
            28.4052508
          ],
          [
            85.4485686,
            28.4048568
          ],
          [
            85.4486065,
            28.4038577
          ],
          [
            85.4485541,
            28.4034082
          ],
          [
            85.4484151,
            28.4029634
          ],
          [
            85.4481966,
            28.4027903
          ],
          [
            85.4481984,
            28.4025377
          ],
          [
            85.4483175,
            28.4023788
          ],
          [
            85.4483681,
            28.4018451
          ],
          [
            85.4481727,
            28.4016009
          ],
          [
            85.4481762,
            28.4010785
          ],
          [
            85.4483777,
            28.4006308
          ],
          [
            85.4483388,
            28.400326
          ],
          [
            85.4481091,
            28.4000337
          ],
          [
            85.4480879,
            28.3996482
          ],
          [
            85.4483212,
            28.3992813
          ],
          [
            85.4488549,
            28.398933
          ],
          [
            85.4491413,
            28.3985536
          ],
          [
            85.4495089,
            28.3984821
          ],
          [
            85.4499083,
            28.3980001
          ],
          [
            85.4499614,
            28.3976767
          ],
          [
            85.4501134,
            28.3973533
          ],
          [
            85.450131,
            28.3970984
          ],
          [
            85.4504103,
            28.3967439
          ],
          [
            85.4504563,
            28.3962401
          ],
          [
            85.4501735,
            28.3957457
          ],
          [
            85.4499296,
            28.3955342
          ],
          [
            85.4493852,
            28.3954938
          ],
          [
            85.449014,
            28.3952295
          ],
          [
            85.4488938,
            28.3949621
          ],
          [
            85.4490282,
            28.3946107
          ],
          [
            85.4489186,
            28.3941753
          ],
          [
            85.4489999,
            28.393911
          ],
          [
            85.4493109,
            28.3934228
          ],
          [
            85.4493109,
            28.3930714
          ],
          [
            85.4494453,
            28.3922846
          ],
          [
            85.4491589,
            28.3918866
          ],
          [
            85.448915,
            28.391672
          ],
          [
            85.4488231,
            28.3914917
          ],
          [
            85.4486216,
            28.3912678
          ],
          [
            85.448604,
            28.3910936
          ],
          [
            85.4488196,
            28.3907857
          ],
          [
            85.448809,
            28.3904841
          ],
          [
            85.4489822,
            28.3899648
          ],
          [
            85.4488797,
            28.3893428
          ],
          [
            85.4487135,
            28.3891842
          ],
          [
            85.4486499,
            28.3888421
          ],
          [
            85.4485262,
            28.3886027
          ],
          [
            85.4486393,
            28.3880429
          ],
          [
            85.4485969,
            28.3877257
          ],
          [
            85.4486853,
            28.3872126
          ],
          [
            85.4486146,
            28.386743
          ],
          [
            85.4485792,
            28.3860122
          ],
          [
            85.4486994,
            28.3857634
          ],
          [
            85.4487312,
            28.385499
          ],
          [
            85.4485792,
            28.3848304
          ],
          [
            85.4484378,
            28.3844572
          ],
          [
            85.448307,
            28.3838508
          ],
          [
            85.4481197,
            28.3836082
          ],
          [
            85.4480561,
            28.3833718
          ],
          [
            85.4481586,
            28.3823455
          ],
          [
            85.4479041,
            28.3819941
          ],
          [
            85.4478015,
            28.3817142
          ],
          [
            85.4478581,
            28.3813908
          ],
          [
            85.4475647,
            28.3811637
          ],
          [
            85.4476495,
            28.3806039
          ],
          [
            85.4478732,
            28.3802021
          ]
        ]
      },
      "id": "way/248708069"
    },
    {
      "type": "Feature",
      "properties": {
        "@id": "way/291801630",
        "alt_name": "特尔苏里河",
        "alt_name:en": "Bhulung Khola",
        "alt_name:zh": "特尔苏里河",
        "alt_name:zh-Hans": "特尔苏里河",
        "alt_name:zh-Hant": "特爾蘇里河",
        "alt_name:zh-Latn-pinyin": "jílóng zàngbù",
        "loc_name": "Gyirong Zangbo",
        "loc_name:en": "Gyirong Zangbo",
        "name": "吉隆藏布",
        "name:bo": "སྐྱིད་གྲོང་གཙང་པོ",
        "name:bo-Latn-thl": "kyi drong tsang po",
        "name:bo-Latn-wylie": "skyid grong gtsang po",
        "name:en": "Kyirong Tsangpo",
        "name:zh": "吉隆藏布",
        "name:zh-Hans": "吉隆藏布",
        "name:zh-Hant": "吉隆藏布",
        "name:zh-Latn-pinyin": "tèěrsūlǐ hé",
        "nsdi_code": "JD3404",
        "short_name": "Trisuli",
        "short_name:en": "Trisuli",
        "waterway": "river",
        "zhb_code": "17JD030800"
      },
      "geometry": {
        "type": "LineString",
        "coordinates": [
          [
            85.2451941,
            28.5635318
          ],
          [
            85.2449595,
            28.5635142
          ],
          [
            85.2446408,
            28.5635773
          ],
          [
            85.2445285,
            28.5634235
          ],
          [
            85.2439898,
            28.5627689
          ],
          [
            85.2439494,
            28.56228
          ],
          [
            85.2434151,
            28.5617792
          ],
          [
            85.2431682,
            28.5606317
          ],
          [
            85.243277,
            28.5594562
          ],
          [
            85.2429782,
            28.5589603
          ],
          [
            85.2422799,
            28.5579874
          ],
          [
            85.2419783,
            28.5578034
          ],
          [
            85.2415752,
            28.5576668
          ],
          [
            85.2413339,
            28.5573684
          ],
          [
            85.2411242,
            28.5558515
          ],
          [
            85.2409415,
            28.5554613
          ],
          [
            85.2396876,
            28.5548495
          ],
          [
            85.2394635,
            28.5542775
          ],
          [
            85.239292,
            28.5540116
          ],
          [
            85.2387868,
            28.5539073
          ],
          [
            85.2379554,
            28.5535503
          ],
          [
            85.2375888,
            28.5532105
          ],
          [
            85.2373352,
            28.5527251
          ],
          [
            85.2371035,
            28.5526331
          ],
          [
            85.2367733,
            28.552622
          ],
          [
            85.2365352,
            28.5527335
          ],
          [
            85.2363035,
            28.5529789
          ],
          [
            85.2360431,
            28.5530012
          ],
          [
            85.2353003,
            28.5529036
          ],
          [
            85.2349511,
            28.552912
          ],
          [
            85.2345035,
            28.5526526
          ],
          [
            85.2336717,
            28.5520671
          ],
          [
            85.2329035,
            28.5518607
          ],
          [
            85.2317289,
            28.5508066
          ],
          [
            85.2309345,
            28.5500431
          ],
          [
            85.2307821,
            28.5492149
          ],
          [
            85.2308034,
            28.5488674
          ],
          [
            85.2308519,
            28.5480772
          ],
          [
            85.2306424,
            28.5477007
          ],
          [
            85.2305186,
            28.547472
          ],
          [
            85.2306741,
            28.547037
          ],
          [
            85.2304234,
            28.5458797
          ],
          [
            85.229963,
            28.5450989
          ],
          [
            85.2296329,
            28.5447642
          ],
          [
            85.229617,
            28.544371
          ],
          [
            85.229198,
            28.543724
          ],
          [
            85.2291059,
            28.5433699
          ],
          [
            85.2284138,
            28.5429153
          ],
          [
            85.2282202,
            28.542603
          ],
          [
            85.2284361,
            28.5422125
          ],
          [
            85.2283408,
            28.5419671
          ],
          [
            85.2274646,
            28.5413034
          ],
          [
            85.226617,
            28.5408098
          ],
          [
            85.2257777,
            28.5406017
          ],
          [
            85.2251402,
            28.5399352
          ],
          [
            85.2248618,
            28.5394264
          ],
          [
            85.2240492,
            28.5387559
          ],
          [
            85.2233309,
            28.5383892
          ],
          [
            85.2226664,
            28.5381683
          ],
          [
            85.2223207,
            28.5371507
          ],
          [
            85.2217783,
            28.5363557
          ],
          [
            85.2214037,
            28.5362804
          ],
          [
            85.221137,
            28.5358844
          ],
          [
            85.2198577,
            28.53507
          ],
          [
            85.2190577,
            28.5344899
          ],
          [
            85.2187792,
            28.5333328
          ],
          [
            85.2183796,
            28.5317512
          ],
          [
            85.2178768,
            28.5309347
          ],
          [
            85.2173785,
            28.5304772
          ],
          [
            85.216915,
            28.5302071
          ],
          [
            85.2167912,
            28.5300035
          ],
          [
            85.2170452,
            28.5295573
          ],
          [
            85.2169785,
            28.5290106
          ],
          [
            85.217261,
            28.5283635
          ],
          [
            85.2172928,
            28.5278057
          ],
          [
            85.2170483,
            28.5265338
          ],
          [
            85.2166375,
            28.5255893
          ],
          [
            85.2162629,
            28.5251318
          ],
          [
            85.2162661,
            28.5245796
          ],
          [
            85.216028,
            28.523885
          ],
          [
            85.2162756,
            28.5231542
          ],
          [
            85.2163105,
            28.5224681
          ],
          [
            85.2164153,
            28.5219855
          ],
          [
            85.2165359,
            28.5216118
          ],
          [
            85.2164089,
            28.521397
          ],
          [
            85.2160629,
            28.5208865
          ],
          [
            85.2161169,
            28.5206299
          ],
          [
            85.2164184,
            28.5203538
          ],
          [
            85.2166311,
            28.5200358
          ],
          [
            85.2166121,
            28.5196481
          ],
          [
            85.2163804,
            28.5192492
          ],
          [
            85.2164216,
            28.5188113
          ],
          [
            85.2165232,
            28.5185184
          ],
          [
            85.2168216,
            28.5182143
          ],
          [
            85.2169359,
            28.5179214
          ],
          [
            85.2167708,
            28.5176286
          ],
          [
            85.2165296,
            28.5174919
          ],
          [
            85.2159645,
            28.5175421
          ],
          [
            85.2158216,
            28.5173803
          ],
          [
            85.2154121,
            28.5170567
          ],
          [
            85.2153772,
            28.5166327
          ],
          [
            85.2152502,
            28.5160497
          ],
          [
            85.2150946,
            28.5157541
          ],
          [
            85.2153645,
            28.5151794
          ],
          [
            85.2153216,
            28.5141737
          ],
          [
            85.215303,
            28.5137377
          ],
          [
            85.2149483,
            28.5132407
          ],
          [
            85.2148855,
            28.5123136
          ],
          [
            85.2149618,
            28.5117021
          ],
          [
            85.2153209,
            28.5111498
          ],
          [
            85.2154736,
            28.5105738
          ],
          [
            85.2156442,
            28.5102661
          ],
          [
            85.2160303,
            28.5099268
          ],
          [
            85.2162593,
            28.5092404
          ],
          [
            85.2163042,
            28.5087709
          ],
          [
            85.2166768,
            28.5077925
          ],
          [
            85.2172021,
            28.5073191
          ],
          [
            85.2176824,
            28.5065695
          ],
          [
            85.2180102,
            28.5062933
          ],
          [
            85.2184457,
            28.5061237
          ],
          [
            85.2185714,
            28.5056897
          ],
          [
            85.2186118,
            28.5048375
          ],
          [
            85.2188228,
            28.5044509
          ],
          [
            85.218742,
            28.5038551
          ],
          [
            85.2189216,
            28.5027662
          ],
          [
            85.2184636,
            28.5020087
          ],
          [
            85.2181538,
            28.500829
          ],
          [
            85.2178486,
            28.5003595
          ],
          [
            85.2179294,
            28.5000793
          ],
          [
            85.2182751,
            28.4997519
          ],
          [
            85.2191775,
            28.4993021
          ],
          [
            85.2193207,
            28.4990726
          ],
          [
            85.2196085,
            28.4986116
          ],
          [
            85.2199721,
            28.4977041
          ],
          [
            85.2204211,
            28.4972307
          ],
          [
            85.2206949,
            28.496698
          ],
          [
            85.2207353,
            28.4961732
          ],
          [
            85.2204839,
            28.4957984
          ],
          [
            85.2198284,
            28.4955143
          ],
          [
            85.2194917,
            28.4951395
          ],
          [
            85.2194783,
            28.4949106
          ],
          [
            85.2198105,
            28.494299
          ],
          [
            85.2200215,
            28.4938769
          ],
          [
            85.2203358,
            28.4936085
          ],
          [
            85.2205558,
            28.4930601
          ],
          [
            85.2205692,
            28.4923104
          ],
          [
            85.220457,
            28.4920184
          ],
          [
            85.2208161,
            28.491174
          ],
          [
            85.2213549,
            28.4906413
          ],
          [
            85.2214941,
            28.4902862
          ],
          [
            85.2213729,
            28.4899468
          ],
          [
            85.2214267,
            28.4888499
          ],
          [
            85.2212382,
            28.4883448
          ],
          [
            85.2211169,
            28.4876069
          ],
          [
            85.2207713,
            28.4871295
          ],
          [
            85.2208521,
            28.4863916
          ],
          [
            85.2210137,
            28.485772
          ],
          [
            85.2212247,
            28.4847342
          ],
          [
            85.2217679,
            28.4835109
          ],
          [
            85.222163,
            28.4832347
          ],
          [
            85.223236,
            28.4830374
          ],
          [
            85.2233797,
            28.4827138
          ],
          [
            85.2232046,
            28.4820311
          ],
          [
            85.2233483,
            28.4817746
          ],
          [
            85.2238293,
            28.4814582
          ],
          [
            85.2240621,
            28.481305
          ],
          [
            85.2248298,
            28.4801488
          ],
          [
            85.2251082,
            28.4793438
          ],
          [
            85.2248253,
            28.4787992
          ],
          [
            85.2243584,
            28.4779113
          ],
          [
            85.2246682,
            28.4771654
          ],
          [
            85.2252294,
            28.4764787
          ],
          [
            85.2259342,
            28.4751607
          ],
          [
            85.2262754,
            28.4739333
          ],
          [
            85.2260412,
            28.4735375
          ],
          [
            85.2257971,
            28.4732685
          ],
          [
            85.2257902,
            28.4730159
          ],
          [
            85.2259775,
            28.4727034
          ],
          [
            85.2265529,
            28.4724473
          ],
          [
            85.2269286,
            28.4724237
          ],
          [
            85.2271438,
            28.4723125
          ],
          [
            85.2273635,
            28.4719302
          ],
          [
            85.227418,
            28.4715568
          ],
          [
            85.2272692,
            28.4713769
          ],
          [
            85.2268781,
            28.471185
          ],
          [
            85.2268093,
            28.4707946
          ],
          [
            85.227095,
            28.4701611
          ],
          [
            85.2274188,
            28.4698569
          ],
          [
            85.2278537,
            28.4697258
          ],
          [
            85.2283172,
            28.4696644
          ],
          [
            85.2285871,
            28.4695221
          ],
          [
            85.2289553,
            28.4688662
          ],
          [
            85.2297585,
            28.4683723
          ],
          [
            85.2300251,
            28.4678728
          ],
          [
            85.2305394,
            28.4674793
          ],
          [
            85.2312855,
            28.4670886
          ],
          [
            85.231695,
            28.4663127
          ],
          [
            85.2317807,
            28.4656318
          ],
          [
            85.2316347,
            28.4652913
          ],
          [
            85.2318696,
            28.464909
          ],
          [
            85.2321934,
            28.4645908
          ],
          [
            85.2320283,
            28.4640047
          ],
          [
            85.2322188,
            28.4637005
          ],
          [
            85.2328696,
            28.4632903
          ],
          [
            85.2335648,
            28.4625981
          ],
          [
            85.2341031,
            28.4620061
          ],
          [
            85.2341919,
            28.4614731
          ],
          [
            85.2339141,
            28.4609293
          ],
          [
            85.2340203,
            28.4607392
          ],
          [
            85.2341521,
            28.460503
          ],
          [
            85.2344304,
            28.4601833
          ],
          [
            85.2346998,
            28.4593465
          ],
          [
            85.2350679,
            28.4589281
          ],
          [
            85.2355034,
            28.4584821
          ],
          [
            85.2365091,
            28.4582887
          ],
          [
            85.2367964,
            28.4579651
          ],
          [
            85.237205,
            28.4574401
          ],
          [
            85.2376584,
            28.4571717
          ],
          [
            85.2388257,
            28.4569862
          ],
          [
            85.2396697,
            28.4566625
          ],
          [
            85.2402489,
            28.4562402
          ],
          [
            85.2406529,
            28.4555613
          ],
          [
            85.2409852,
            28.4549021
          ],
          [
            85.2410615,
            28.4541837
          ],
          [
            85.240837,
            28.4533193
          ],
          [
            85.2409896,
            28.4524745
          ],
          [
            85.2414925,
            28.451693
          ],
          [
            85.241928,
            28.4511838
          ],
          [
            85.2420312,
            28.4505443
          ],
          [
            85.2422198,
            28.4503351
          ],
          [
            85.243396,
            28.4497035
          ],
          [
            85.2439527,
            28.4491509
          ],
          [
            85.2441638,
            28.4484483
          ],
          [
            85.2444735,
            28.4477733
          ],
          [
            85.2449,
            28.4474298
          ],
          [
            85.24534,
            28.4466838
          ],
          [
            85.2461347,
            28.4462061
          ],
          [
            85.2467273,
            28.445685
          ],
          [
            85.2477958,
            28.4452113
          ],
          [
            85.248577,
            28.444631
          ],
          [
            85.2489227,
            28.4445679
          ],
          [
            85.2498969,
            28.4448166
          ],
          [
            85.2507769,
            28.4447416
          ],
          [
            85.2512842,
            28.4445916
          ],
          [
            85.2515356,
            28.4443152
          ],
          [
            85.2520788,
            28.4427283
          ],
          [
            85.252447,
            28.4418164
          ],
          [
            85.2525951,
            28.4411413
          ],
          [
            85.2523693,
            28.4403553
          ],
          [
            85.252134,
            28.4398993
          ],
          [
            85.2516104,
            28.438677
          ],
          [
            85.2518125,
            28.4382427
          ],
          [
            85.2524949,
            28.4376466
          ],
          [
            85.2536846,
            28.4369163
          ],
          [
            85.2548901,
            28.4365481
          ],
          [
            85.2553526,
            28.4359638
          ],
          [
            85.255586,
            28.4353282
          ],
          [
            85.2560395,
            28.434586
          ],
          [
            85.2563313,
            28.433982
          ],
          [
            85.2563268,
            28.4333187
          ],
          [
            85.2567937,
            28.4320435
          ],
          [
            85.2571394,
            28.4311433
          ],
          [
            85.2575928,
            28.4300221
          ],
          [
            85.2585177,
            28.4293904
          ],
          [
            85.258796,
            28.428889
          ],
          [
            85.2586928,
            28.4279967
          ],
          [
            85.2588095,
            28.4278155
          ],
          [
            85.2590744,
            28.4274045
          ],
          [
            85.2594111,
            28.4271676
          ],
          [
            85.2595054,
            28.4267688
          ],
          [
            85.2599319,
            28.4265359
          ],
          [
            85.2602462,
            28.4260305
          ],
          [
            85.2608971,
            28.4257659
          ],
          [
            85.2611755,
            28.425454
          ],
          [
            85.2613551,
            28.4253751
          ],
          [
            85.2617277,
            28.4254264
          ],
          [
            85.2621093,
            28.4255646
          ],
          [
            85.2630252,
            28.4252448
          ],
          [
            85.263317,
            28.4252211
          ],
          [
            85.2645389,
            28.4252881
          ],
          [
            85.2646145,
            28.4252922
          ],
          [
            85.2655887,
            28.4256672
          ],
          [
            85.2663654,
            28.4256001
          ],
          [
            85.2669221,
            28.4253909
          ],
          [
            85.2675058,
            28.4254975
          ],
          [
            85.268278,
            28.4255172
          ],
          [
            85.269104,
            28.4259436
          ],
          [
            85.2709256,
            28.4260265
          ],
          [
            85.2715182,
            28.4258409
          ],
          [
            85.2716529,
            28.4255408
          ],
          [
            85.2721019,
            28.4240642
          ],
          [
            85.2717831,
            28.4234601
          ],
          [
            85.2719447,
            28.4230731
          ],
          [
            85.2718459,
            28.4224256
          ],
          [
            85.2716242,
            28.4214591
          ],
          [
            85.2720242,
            28.4208393
          ],
          [
            85.2732369,
            28.4202921
          ],
          [
            85.2734908,
            28.4193596
          ],
          [
            85.2739543,
            28.4191418
          ],
          [
            85.2745829,
            28.4191306
          ],
          [
            85.2750019,
            28.4186448
          ],
          [
            85.2753956,
            28.4165619
          ],
          [
            85.2758781,
            28.4158137
          ],
          [
            85.2772114,
            28.4149872
          ],
          [
            85.2778972,
            28.4140714
          ],
          [
            85.2784654,
            28.4136609
          ],
          [
            85.2788019,
            28.4131639
          ],
          [
            85.2794876,
            28.4128428
          ],
          [
            85.2802178,
            28.4126753
          ],
          [
            85.2811716,
            28.4121734
          ],
          [
            85.2819931,
            28.4120036
          ],
          [
            85.2833221,
            28.4117667
          ],
          [
            85.2842065,
            28.411826
          ],
          [
            85.2847767,
            28.4117312
          ],
          [
            85.2852346,
            28.4114311
          ],
          [
            85.2862447,
            28.4105386
          ],
          [
            85.2870394,
            28.4100806
          ],
          [
            85.2871067,
            28.4098278
          ],
          [
            85.2872055,
            28.4092079
          ],
          [
            85.2877173,
            28.4087498
          ],
          [
            85.288503,
            28.4085484
          ],
          [
            85.2902719,
            28.4087538
          ]
        ]
      },
      "id": "way/291801630"
    },
    {
      "type": "Feature",
      "properties": {
        "@id": "way/295558714",
        "alt_name": "Lantan Khola",
        "intermittent": "no",
        "name": "लाङटाङ खोला",
        "name:en": "Langtang Khola",
        "name:ne": "लाङटाङ खोला",
        "name:zh": "兰坦河",
        "tidal": "no",
        "waterway": "river"
      },
      "geometry": {
        "type": "LineString",
        "coordinates": [
          [
            85.656181,
            28.2026032
          ],
          [
            85.6543893,
            28.2028036
          ],
          [
            85.6535385,
            28.2034731
          ],
          [
            85.6530612,
            28.2036568
          ],
          [
            85.6524551,
            28.203646
          ],
          [
            85.6513451,
            28.2032914
          ],
          [
            85.6506084,
            28.2032393
          ],
          [
            85.6469178,
            28.2018818
          ],
          [
            85.6449938,
            28.2019167
          ],
          [
            85.6429863,
            28.2011561
          ],
          [
            85.6420715,
            28.2009873
          ],
          [
            85.6372375,
            28.2000971
          ],
          [
            85.6370805,
            28.2000682
          ],
          [
            85.6347909,
            28.1994539
          ],
          [
            85.632782,
            28.1989149
          ],
          [
            85.6299369,
            28.1978861
          ],
          [
            85.6292263,
            28.1976292
          ],
          [
            85.6278748,
            28.197243
          ],
          [
            85.6265524,
            28.1966623
          ],
          [
            85.6254624,
            28.1965151
          ],
          [
            85.624363,
            28.1965884
          ],
          [
            85.6234403,
            28.1961782
          ],
          [
            85.6223452,
            28.1961383
          ],
          [
            85.6208174,
            28.1960799
          ],
          [
            85.6185531,
            28.1953987
          ],
          [
            85.6170565,
            28.1951679
          ],
          [
            85.6157741,
            28.1951057
          ],
          [
            85.6150011,
            28.194844
          ],
          [
            85.6147653,
            28.1946557
          ],
          [
            85.6143804,
            28.1947889
          ],
          [
            85.6133529,
            28.1949844
          ],
          [
            85.6125378,
            28.1953438
          ],
          [
            85.612097,
            28.1953149
          ],
          [
            85.6117658,
            28.1952932
          ],
          [
            85.6110199,
            28.19544
          ],
          [
            85.6102222,
            28.1956258
          ],
          [
            85.6096249,
            28.1955958
          ],
          [
            85.6089267,
            28.1956653
          ],
          [
            85.6084613,
            28.1961097
          ],
          [
            85.6080177,
            28.1962267
          ],
          [
            85.6072106,
            28.196326
          ],
          [
            85.6065857,
            28.1964551
          ],
          [
            85.6056734,
            28.1964643
          ],
          [
            85.6052682,
            28.196639
          ],
          [
            85.6046405,
            28.1965033
          ],
          [
            85.6039359,
            28.196278
          ],
          [
            85.6032239,
            28.1963437
          ],
          [
            85.6026117,
            28.1964428
          ],
          [
            85.6023225,
            28.1964413
          ],
          [
            85.6018172,
            28.1964387
          ],
          [
            85.6011899,
            28.1963189
          ],
          [
            85.6007419,
            28.1961142
          ],
          [
            85.6002109,
            28.1962116
          ],
          [
            85.5996677,
            28.1964699
          ],
          [
            85.5992235,
            28.196499
          ],
          [
            85.5983458,
            28.1963252
          ],
          [
            85.5970269,
            28.1965727
          ],
          [
            85.5955965,
            28.1964668
          ],
          [
            85.5943316,
            28.1962616
          ],
          [
            85.5931618,
            28.1960208
          ],
          [
            85.5918138,
            28.1961997
          ],
          [
            85.5905912,
            28.1960509
          ],
          [
            85.5902631,
            28.1961134
          ],
          [
            85.5878261,
            28.1967671
          ],
          [
            85.5854443,
            28.1970755
          ],
          [
            85.5848658,
            28.1976521
          ],
          [
            85.5839479,
            28.1985074
          ],
          [
            85.5833722,
            28.1988603
          ],
          [
            85.5806573,
            28.1990235
          ],
          [
            85.5804597,
            28.1991834
          ],
          [
            85.5788254,
            28.199586
          ],
          [
            85.5779864,
            28.2000045
          ],
          [
            85.5776828,
            28.2001559
          ],
          [
            85.5774783,
            28.2002913
          ],
          [
            85.5761159,
            28.2011929
          ],
          [
            85.5758068,
            28.2012678
          ],
          [
            85.5751814,
            28.2010401
          ],
          [
            85.574291,
            28.2012537
          ],
          [
            85.5734174,
            28.2015201
          ],
          [
            85.5726011,
            28.2022112
          ],
          [
            85.5720068,
            28.202496
          ],
          [
            85.5716644,
            28.2027524
          ],
          [
            85.5715483,
            28.2030731
          ],
          [
            85.5715429,
            28.2032155
          ],
          [
            85.5712095,
            28.2038497
          ],
          [
            85.5709787,
            28.204389
          ],
          [
            85.5708856,
            28.2048214
          ],
          [
            85.5705256,
            28.205087
          ],
          [
            85.5700404,
            28.2052099
          ],
          [
            85.5696541,
            28.2051955
          ],
          [
            85.5689655,
            28.205213
          ],
          [
            85.5682279,
            28.2052363
          ],
          [
            85.5676176,
            28.2053191
          ],
          [
            85.5669092,
            28.2055805
          ],
          [
            85.566455,
            28.2062222
          ],
          [
            85.5658389,
            28.2067157
          ],
          [
            85.5654204,
            28.2072728
          ],
          [
            85.5647007,
            28.2072819
          ],
          [
            85.5640417,
            28.2074769
          ],
          [
            85.563727,
            28.2076155
          ],
          [
            85.5633681,
            28.2078539
          ],
          [
            85.5630878,
            28.2078625
          ],
          [
            85.5629304,
            28.2077412
          ],
          [
            85.5627731,
            28.2077195
          ],
          [
            85.5624583,
            28.2078452
          ],
          [
            85.5618732,
            28.2081312
          ],
          [
            85.5614482,
            28.2081342
          ],
          [
            85.5612585,
            28.2081355
          ],
          [
            85.5610126,
            28.2081615
          ],
          [
            85.5608897,
            28.2083999
          ],
          [
            85.5604669,
            28.2086728
          ],
          [
            85.5600537,
            28.2085949
          ],
          [
            85.5598079,
            28.2085992
          ],
          [
            85.559621,
            28.2088419
          ],
          [
            85.5590309,
            28.2089935
          ],
          [
            85.5582497,
            28.2093073
          ],
          [
            85.557975,
            28.2092662
          ],
          [
            85.5571788,
            28.2091007
          ],
          [
            85.5562121,
            28.209056
          ],
          [
            85.5558123,
            28.2091069
          ],
          [
            85.5554832,
            28.2092027
          ],
          [
            85.5542923,
            28.2095807
          ],
          [
            85.5534424,
            28.2094095
          ],
          [
            85.5530342,
            28.2094182
          ],
          [
            85.5523163,
            28.2097995
          ],
          [
            85.5519967,
            28.2101505
          ],
          [
            85.5514107,
            28.2102112
          ],
          [
            85.5508657,
            28.2103022
          ],
          [
            85.5501477,
            28.2100292
          ],
          [
            85.5497003,
            28.2098039
          ],
          [
            85.5492519,
            28.2096695
          ],
          [
            85.5487119,
            28.2095482
          ],
          [
            85.5482488,
            28.2096002
          ],
          [
            85.5474522,
            28.2096955
          ],
          [
            85.547099,
            28.2096262
          ],
          [
            85.5463269,
            28.2091799
          ],
          [
            85.5459434,
            28.2091192
          ],
          [
            85.5453041,
            28.2093705
          ],
          [
            85.5449255,
            28.2096392
          ],
          [
            85.5446845,
            28.2098602
          ],
          [
            85.5442862,
            28.2098472
          ],
          [
            85.5439568,
            28.2097649
          ],
          [
            85.5434994,
            28.2093619
          ],
          [
            85.5431916,
            28.2089294
          ],
          [
            85.5431601,
            28.2088852
          ],
          [
            85.542929,
            28.2088072
          ],
          [
            85.5427028,
            28.2088765
          ],
          [
            85.5424373,
            28.2090455
          ],
          [
            85.5419408,
            28.2089113
          ],
          [
            85.5412571,
            28.2090109
          ],
          [
            85.5404802,
            28.2091062
          ],
          [
            85.5400622,
            28.2092752
          ],
          [
            85.5397426,
            28.2092579
          ],
          [
            85.5393787,
            28.2090585
          ],
          [
            85.5390935,
            28.2092232
          ],
          [
            85.5387591,
            28.2092925
          ],
          [
            85.5378936,
            28.2095309
          ],
          [
            85.5374314,
            28.2094702
          ],
          [
            85.5371167,
            28.2095265
          ],
          [
            85.5364247,
            28.2101536
          ],
          [
            85.5356218,
            28.2102069
          ],
          [
            85.535135,
            28.2102935
          ],
          [
            85.5347858,
            28.2105189
          ],
          [
            85.534599,
            28.2106619
          ],
          [
            85.5342597,
            28.2107615
          ],
          [
            85.5334727,
            28.2107576
          ],
          [
            85.5330983,
            28.2107925
          ],
          [
            85.5327714,
            28.2106883
          ],
          [
            85.5323542,
            28.211007
          ],
          [
            85.5316448,
            28.2111357
          ],
          [
            85.5314849,
            28.2113379
          ],
          [
            85.5312415,
            28.211485
          ],
          [
            85.5303509,
            28.2114792
          ],
          [
            85.5303027,
            28.2114789
          ],
          [
            85.5299132,
            28.2115524
          ],
          [
            85.5293499,
            28.2115647
          ],
          [
            85.5289466,
            28.2116505
          ],
          [
            85.5285154,
            28.2118833
          ],
          [
            85.5279243,
            28.2119936
          ],
          [
            85.5273193,
            28.2117975
          ],
          [
            85.5254069,
            28.2124778
          ],
          [
            85.5249826,
            28.212785
          ],
          [
            85.5241204,
            28.2134092
          ],
          [
            85.5239117,
            28.2134031
          ],
          [
            85.5237657,
            28.2132683
          ],
          [
            85.5234806,
            28.2133541
          ],
          [
            85.5226878,
            28.2133234
          ],
          [
            85.5218174,
            28.2134878
          ],
          [
            85.5213248,
            28.2135808
          ],
          [
            85.5206984,
            28.2137827
          ],
          [
            85.5201035,
            28.2137883
          ],
          [
            85.5200099,
            28.2137892
          ],
          [
            85.5192936,
            28.2137279
          ],
          [
            85.5186966,
            28.21378
          ],
          [
            85.5183426,
            28.2138816
          ],
          [
            85.5177525,
            28.2138178
          ],
          [
            85.517208,
            28.2139076
          ],
          [
            85.5169398,
            28.2138249
          ],
          [
            85.5166649,
            28.2135931
          ],
          [
            85.5163973,
            28.2134427
          ],
          [
            85.5160611,
            28.2133891
          ],
          [
            85.5157823,
            28.213337
          ],
          [
            85.5156319,
            28.2134352
          ],
          [
            85.5154055,
            28.213459
          ],
          [
            85.5150743,
            28.213334
          ],
          [
            85.5144743,
            28.2135011
          ],
          [
            85.5139597,
            28.2133296
          ],
          [
            85.5132364,
            28.2129925
          ],
          [
            85.5126662,
            28.2129374
          ],
          [
            85.5120195,
            28.2129925
          ],
          [
            85.5114075,
            28.2129006
          ],
          [
            85.5106495,
            28.2129741
          ],
          [
            85.5099262,
            28.2130048
          ],
          [
            85.5097941,
            28.2128516
          ],
          [
            85.5095855,
            28.2125635
          ],
          [
            85.5090619,
            28.2125836
          ],
          [
            85.5085415,
            28.2123689
          ],
          [
            85.5073174,
            28.2124635
          ],
          [
            85.5059067,
            28.2127106
          ],
          [
            85.5047204,
            28.2127261
          ],
          [
            85.504639,
            28.2127272
          ],
          [
            85.503028,
            28.2127481
          ],
          [
            85.5020995,
            28.2127232
          ],
          [
            85.5015244,
            28.2127077
          ],
          [
            85.5011778,
            28.2126984
          ],
          [
            85.5011571,
            28.2126923
          ],
          [
            85.5008446,
            28.2125993
          ],
          [
            85.500416,
            28.212312
          ],
          [
            85.4994627,
            28.2122329
          ],
          [
            85.4990713,
            28.2121711
          ],
          [
            85.4984586,
            28.2124049
          ],
          [
            85.4979484,
            28.2122458
          ],
          [
            85.4977338,
            28.2119385
          ],
          [
            85.4974205,
            28.2118346
          ],
          [
            85.4968916,
            28.2117341
          ],
          [
            85.4966046,
            28.2117884
          ],
          [
            85.4961375,
            28.2116112
          ],
          [
            85.4959287,
            28.2115634
          ],
          [
            85.495478,
            28.2115048
          ],
          [
            85.4950704,
            28.2116324
          ],
          [
            85.4947539,
            28.2116135
          ],
          [
            85.4945108,
            28.2115447
          ],
          [
            85.493985,
            28.211526
          ],
          [
            85.4936166,
            28.2116372
          ],
          [
            85.4933187,
            28.2116498
          ],
          [
            85.4931284,
            28.2114623
          ],
          [
            85.4924544,
            28.2112708
          ],
          [
            85.4916411,
            28.2109913
          ],
          [
            85.4912813,
            28.21089
          ],
          [
            85.4909067,
            28.21095
          ],
          [
            85.4907513,
            28.2110026
          ],
          [
            85.4906725,
            28.2109913
          ],
          [
            85.4905192,
            28.2107455
          ],
          [
            85.4904255,
            28.2106743
          ],
          [
            85.4898933,
            28.2106367
          ],
          [
            85.4895644,
            28.210427
          ],
          [
            85.4893313,
            28.2103272
          ],
          [
            85.4889119,
            28.2103966
          ],
          [
            85.4887608,
            28.2103666
          ],
          [
            85.4885612,
            28.210219
          ],
          [
            85.4883414,
            28.2102128
          ],
          [
            85.4877985,
            28.2103572
          ],
          [
            85.4875941,
            28.2103084
          ],
          [
            85.4874194,
            28.2100033
          ],
          [
            85.4871869,
            28.209789
          ],
          [
            85.4867444,
            28.2095535
          ],
          [
            85.4866238,
            28.2095414
          ],
          [
            85.4863435,
            28.2095134
          ],
          [
            85.4861423,
            28.2094117
          ],
          [
            85.4857058,
            28.2092954
          ],
          [
            85.4852737,
            28.2092335
          ],
          [
            85.4849373,
            28.2090797
          ],
          [
            85.4848415,
            28.2088114
          ],
          [
            85.4844072,
            28.2084437
          ],
          [
            85.4842582,
            28.2083086
          ],
          [
            85.4840325,
            28.2082186
          ],
          [
            85.4836026,
            28.2081892
          ],
          [
            85.4830929,
            28.2078441
          ],
          [
            85.4828063,
            28.2078208
          ],
          [
            85.4826211,
            28.2077308
          ],
          [
            85.4818696,
            28.2070366
          ],
          [
            85.481744,
            28.206971
          ],
          [
            85.4815013,
            28.2070366
          ],
          [
            85.4810147,
            28.2069893
          ],
          [
            85.4806987,
            28.2069879
          ],
          [
            85.4805114,
            28.206911
          ],
          [
            85.4803643,
            28.2067433
          ],
          [
            85.4800728,
            28.2065749
          ],
          [
            85.4796961,
            28.2064842
          ],
          [
            85.479328,
            28.2063426
          ],
          [
            85.4789758,
            28.2062329
          ],
          [
            85.4785949,
            28.2061762
          ],
          [
            85.4781121,
            28.206318
          ],
          [
            85.4776172,
            28.2063664
          ],
          [
            85.4772162,
            28.2062282
          ],
          [
            85.4764881,
            28.2062443
          ],
          [
            85.475918,
            28.2063275
          ],
          [
            85.4754291,
            28.2062556
          ],
          [
            85.4751134,
            28.2061476
          ],
          [
            85.4747441,
            28.2062038
          ],
          [
            85.474298,
            28.2061701
          ],
          [
            85.4738259,
            28.2060519
          ],
          [
            85.4730454,
            28.2058297
          ],
          [
            85.4727511,
            28.2055052
          ],
          [
            85.4725599,
            28.2054113
          ],
          [
            85.4724126,
            28.2052728
          ],
          [
            85.4721978,
            28.2050709
          ],
          [
            85.4717606,
            28.2049598
          ],
          [
            85.4712725,
            28.2049977
          ],
          [
            85.4711222,
            28.2049031
          ],
          [
            85.4706743,
            28.2046715
          ],
          [
            85.4705268,
            28.2047778
          ],
          [
            85.4703471,
            28.2048204
          ],
          [
            85.470162,
            28.2046833
          ],
          [
            85.4698858,
            28.2044824
          ],
          [
            85.4697168,
            28.2042628
          ],
          [
            85.4695744,
            28.2043439
          ],
          [
            85.4690713,
            28.2041434
          ],
          [
            85.4686708,
            28.2038311
          ],
          [
            85.4682888,
            28.2037062
          ],
          [
            85.4680762,
            28.2035243
          ],
          [
            85.4677742,
            28.203413
          ],
          [
            85.4675924,
            28.2033967
          ],
          [
            85.4674045,
            28.2032989
          ],
          [
            85.4668468,
            28.2030953
          ],
          [
            85.4664186,
            28.2029649
          ],
          [
            85.4659995,
            28.2027884
          ],
          [
            85.4649242,
            28.2020961
          ],
          [
            85.4645607,
            28.2020635
          ],
          [
            85.4642002,
            28.2018951
          ],
          [
            85.4625056,
            28.2007628
          ],
          [
            85.4624532,
            28.2007221
          ],
          [
            85.4622098,
            28.200475
          ],
          [
            85.4620281,
            28.2001492
          ],
          [
            85.4616522,
            28.1995328
          ],
          [
            85.4615289,
            28.1993672
          ],
          [
            85.4613133,
            28.1992558
          ],
          [
            85.4611654,
            28.1992422
          ],
          [
            85.4610144,
            28.1992585
          ],
          [
            85.4604721,
            28.199416
          ],
          [
            85.4601733,
            28.1995409
          ],
          [
            85.4598282,
            28.1996115
          ],
          [
            85.4596002,
            28.1995735
          ],
          [
            85.4593814,
            28.1995165
          ],
          [
            85.4588823,
            28.1994079
          ],
          [
            85.4584325,
            28.1993291
          ],
          [
            85.457936,
            28.1991714
          ],
          [
            85.4576776,
            28.1990739
          ],
          [
            85.4575266,
            28.1989408
          ],
          [
            85.4572062,
            28.1988512
          ],
          [
            85.4567052,
            28.1987416
          ],
          [
            85.4564698,
            28.1986693
          ],
          [
            85.4562881,
            28.1986014
          ],
          [
            85.456097,
            28.1985145
          ],
          [
            85.4559769,
            28.1983869
          ],
          [
            85.4558906,
            28.1982837
          ],
          [
            85.4559091,
            28.1981289
          ],
          [
            85.455792,
            28.1978873
          ],
          [
            85.4558043,
            28.1976402
          ],
          [
            85.455869,
            28.1975071
          ],
          [
            85.4558629,
            28.1974121
          ],
          [
            85.4558136,
            28.1972763
          ],
          [
            85.4556534,
            28.1971487
          ],
          [
            85.4552189,
            28.1968799
          ],
          [
            85.4544051,
            28.1963615
          ],
          [
            85.4541321,
            28.1959934
          ],
          [
            85.4538462,
            28.1956078
          ],
          [
            85.4528226,
            28.195127
          ],
          [
            85.4521963,
            28.1947353
          ],
          [
            85.4502299,
            28.1943852
          ],
          [
            85.4492669,
            28.1937679
          ],
          [
            85.4491213,
            28.1931991
          ],
          [
            85.4490178,
            28.1927945
          ],
          [
            85.4490312,
            28.1921951
          ],
          [
            85.4482517,
            28.1910414
          ],
          [
            85.4481289,
            28.1908596
          ],
          [
            85.4476709,
            28.1906519
          ],
          [
            85.4472198,
            28.1896844
          ],
          [
            85.4465665,
            28.1889959
          ],
          [
            85.4456709,
            28.1875833
          ],
          [
            85.4448022,
            28.1870966
          ],
          [
            85.4446271,
            28.1868116
          ],
          [
            85.4447753,
            28.1863368
          ],
          [
            85.4446877,
            28.185856
          ],
          [
            85.4439335,
            28.1854821
          ],
          [
            85.4436911,
            28.1846273
          ],
          [
            85.4426944,
            28.1836598
          ],
          [
            85.4425732,
            28.1832206
          ],
          [
            85.4428175,
            28.182577
          ],
          [
            85.442654,
            28.1818969
          ],
          [
            85.4418749,
            28.1816853
          ],
          [
            85.4415159,
            28.1814636
          ],
          [
            85.4410176,
            28.1803605
          ],
          [
            85.4409916,
            28.179903
          ],
          [
            85.4409795,
            28.1796889
          ],
          [
            85.4404081,
            28.1789921
          ],
          [
            85.4403129,
            28.1778337
          ],
          [
            85.4393225,
            28.1770445
          ],
          [
            85.4385701,
            28.176289
          ],
          [
            85.4386749,
            28.1759616
          ],
          [
            85.438429,
            28.1757126
          ],
          [
            85.4378118,
            28.1750876
          ],
          [
            85.4374549,
            28.173841
          ],
          [
            85.4375425,
            28.1729683
          ],
          [
            85.4372327,
            28.1716801
          ],
          [
            85.4366697,
            28.1689295
          ],
          [
            85.4362268,
            28.1685979
          ],
          [
            85.4356268,
            28.1682789
          ],
          [
            85.4347792,
            28.1673386
          ],
          [
            85.4342935,
            28.1666669
          ],
          [
            85.4337317,
            28.1658987
          ],
          [
            85.4334959,
            28.1653614
          ],
          [
            85.4325269,
            28.1637661
          ],
          [
            85.4321793,
            28.1635353
          ],
          [
            85.4316508,
            28.1621793
          ],
          [
            85.431527,
            28.1613607
          ],
          [
            85.4309127,
            28.1610542
          ],
          [
            85.429695,
            28.1604565
          ],
          [
            85.4293191,
            28.1605106
          ],
          [
            85.4290779,
            28.1605262
          ],
          [
            85.4287651,
            28.160193
          ],
          [
            85.428447,
            28.1601361
          ],
          [
            85.4273821,
            28.1595206
          ],
          [
            85.4263383,
            28.1591821
          ],
          [
            85.4255504,
            28.1584044
          ],
          [
            85.4246413,
            28.1583925
          ],
          [
            85.4231261,
            28.1575494
          ],
          [
            85.4226682,
            28.1570388
          ],
          [
            85.4220419,
            28.1569913
          ],
          [
            85.4210183,
            28.1571279
          ],
          [
            85.42052,
            28.1573594
          ],
          [
            85.4193079,
            28.1574307
          ],
          [
            85.4181294,
            28.1570745
          ],
          [
            85.4171866,
            28.1573001
          ],
          [
            85.4166277,
            28.157027
          ],
          [
            85.4147102,
            28.1568909
          ],
          [
            85.4132634,
            28.1567725
          ],
          [
            85.4112965,
            28.1561014
          ],
          [
            85.4094529,
            28.1551341
          ],
          [
            85.4085627,
            28.1552696
          ],
          [
            85.4077177,
            28.1552895
          ],
          [
            85.4070068,
            28.1553583
          ],
          [
            85.4048999,
            28.1552971
          ],
          [
            85.4018133,
            28.1550907
          ],
          [
            85.4011518,
            28.1551318
          ],
          [
            85.4006956,
            28.1552864
          ],
          [
            85.4003325,
            28.1554847
          ],
          [
            85.4000106,
            28.1556107
          ],
          [
            85.3993559,
            28.1556651
          ],
          [
            85.3987858,
            28.155585
          ]
        ]
      },
      "id": "way/295558714"
    },
    {
      "type": "Feature",
      "properties": {
        "@id": "way/298744777",
        "boat": "no",
        "name": "Salankhu Khola",
        "name:ne": "सलान्खु खोला",
        "waterway": "river"
      },
      "geometry": {
        "type": "LineString",
        "coordinates": [
          [
            85.0972108,
            28.0278343
          ],
          [
            85.0972018,
            28.0275739
          ],
          [
            85.0972957,
            28.0258534
          ],
          [
            85.0973065,
            28.0256276
          ],
          [
            85.0969738,
            28.0241928
          ],
          [
            85.0969157,
            28.0235448
          ],
          [
            85.0968442,
            28.0226964
          ],
          [
            85.0972054,
            28.0222584
          ],
          [
            85.0973029,
            28.0217285
          ],
          [
            85.0970073,
            28.0212554
          ],
          [
            85.0961334,
            28.0205654
          ],
          [
            85.0956595,
            28.0199735
          ],
          [
            85.0947699,
            28.0197248
          ],
          [
            85.0944257,
            28.0193933
          ],
          [
            85.0945216,
            28.0187498
          ],
          [
            85.0946357,
            28.0184235
          ],
          [
            85.0947825,
            28.0181147
          ],
          [
            85.0949837,
            28.0178141
          ],
          [
            85.095456,
            28.0175304
          ],
          [
            85.0956715,
            28.0169412
          ],
          [
            85.0957901,
            28.0165545
          ],
          [
            85.0958109,
            28.0161493
          ],
          [
            85.0959527,
            28.0160236
          ],
          [
            85.0961793,
            28.0160261
          ],
          [
            85.0963562,
            28.015965
          ],
          [
            85.0963605,
            28.0156924
          ],
          [
            85.0962829,
            28.0154225
          ],
          [
            85.0961781,
            28.0151904
          ],
          [
            85.0962327,
            28.0149835
          ],
          [
            85.0963882,
            28.0147641
          ],
          [
            85.0966297,
            28.0145847
          ],
          [
            85.0967313,
            28.0145174
          ],
          [
            85.0968486,
            28.0143805
          ],
          [
            85.0968966,
            28.0141696
          ],
          [
            85.0968379,
            28.0138872
          ],
          [
            85.0968562,
            28.0137043
          ],
          [
            85.0971745,
            28.0135705
          ],
          [
            85.0980646,
            28.0135463
          ],
          [
            85.0984387,
            28.0133585
          ],
          [
            85.0986721,
            28.0131691
          ],
          [
            85.0987418,
            28.0129678
          ],
          [
            85.0985966,
            28.0127301
          ],
          [
            85.0984678,
            28.012438
          ],
          [
            85.098374,
            28.0121371
          ],
          [
            85.0983931,
            28.0120053
          ],
          [
            85.0982818,
            28.0118395
          ],
          [
            85.0981102,
            28.0116915
          ],
          [
            85.0979993,
            28.011513
          ],
          [
            85.0980444,
            28.0113375
          ],
          [
            85.0981517,
            28.0112001
          ],
          [
            85.0983019,
            28.011122
          ],
          [
            85.0985192,
            28.0110699
          ],
          [
            85.0987718,
            28.011037
          ],
          [
            85.0990731,
            28.010942
          ],
          [
            85.099403,
            28.0109397
          ],
          [
            85.0997043,
            28.0108728
          ],
          [
            85.1002371,
            28.0106152
          ],
          [
            85.1005496,
            28.0104921
          ],
          [
            85.10083,
            28.0104584
          ],
          [
            85.1013892,
            28.0105395
          ],
          [
            85.1020432,
            28.0106754
          ],
          [
            85.1024272,
            28.0106886
          ],
          [
            85.1027276,
            28.0106318
          ],
          [
            85.1030012,
            28.0106957
          ],
          [
            85.1032601,
            28.0107149
          ],
          [
            85.1036133,
            28.0106636
          ],
          [
            85.104231,
            28.0103336
          ],
          [
            85.1046492,
            28.010086
          ],
          [
            85.1048567,
            28.0097873
          ],
          [
            85.1050251,
            28.0095746
          ],
          [
            85.1051984,
            28.0095682
          ],
          [
            85.1054184,
            28.0094853
          ],
          [
            85.1055803,
            28.0093294
          ],
          [
            85.1062482,
            28.0088859
          ],
          [
            85.1067161,
            28.0088767
          ],
          [
            85.1072479,
            28.0082924
          ],
          [
            85.1082121,
            28.0076264
          ],
          [
            85.1092506,
            28.0070843
          ],
          [
            85.1095367,
            28.0066933
          ],
          [
            85.1099293,
            28.0066894
          ],
          [
            85.1101625,
            28.0065279
          ],
          [
            85.110194,
            28.0057479
          ],
          [
            85.110029,
            28.0051871
          ],
          [
            85.1101546,
            28.0048525
          ],
          [
            85.1103741,
            28.0044939
          ],
          [
            85.1106233,
            28.0040823
          ],
          [
            85.1109547,
            28.0036909
          ],
          [
            85.1111135,
            28.0032705
          ],
          [
            85.1111698,
            28.0029366
          ],
          [
            85.1113174,
            28.0026507
          ],
          [
            85.111552,
            28.0024985
          ],
          [
            85.1118658,
            28.0023825
          ],
          [
            85.1121372,
            28.0023784
          ],
          [
            85.1124613,
            28.0025577
          ],
          [
            85.1125912,
            28.0025063
          ],
          [
            85.1127729,
            28.0025053
          ],
          [
            85.1129708,
            28.0023931
          ],
          [
            85.1131657,
            28.0023052
          ],
          [
            85.1132045,
            28.0022188
          ],
          [
            85.1131853,
            28.0020746
          ],
          [
            85.1131283,
            28.0019183
          ],
          [
            85.113174,
            28.0017332
          ],
          [
            85.1133097,
            28.0015562
          ],
          [
            85.1134612,
            28.0013399
          ],
          [
            85.1135876,
            28.0011532
          ],
          [
            85.1136545,
            28.0009067
          ],
          [
            85.1137372,
            28.0004823
          ],
          [
            85.1139514,
            28.000207
          ],
          [
            85.1140266,
            28.0000388
          ],
          [
            85.1140538,
            27.9998735
          ],
          [
            85.1139664,
            27.9996972
          ],
          [
            85.1138918,
            27.9995747
          ],
          [
            85.1138758,
            27.9992834
          ],
          [
            85.1139003,
            27.9990561
          ],
          [
            85.1139921,
            27.9988977
          ],
          [
            85.1141047,
            27.9986731
          ],
          [
            85.1142744,
            27.9984986
          ],
          [
            85.1144967,
            27.9983736
          ],
          [
            85.1151395,
            27.9981967
          ],
          [
            85.1156706,
            27.9980808
          ],
          [
            85.1158306,
            27.998099
          ],
          [
            85.1159971,
            27.9980799
          ],
          [
            85.1165968,
            27.9979238
          ],
          [
            85.1168332,
            27.9977891
          ],
          [
            85.1172298,
            27.9975854
          ],
          [
            85.1178408,
            27.9973381
          ],
          [
            85.1185548,
            27.9969274
          ],
          [
            85.1187071,
            27.9965741
          ],
          [
            85.1188901,
            27.9958088
          ],
          [
            85.1190075,
            27.9955225
          ],
          [
            85.1192865,
            27.9951768
          ],
          [
            85.1196331,
            27.9950281
          ],
          [
            85.1202682,
            27.9948499
          ],
          [
            85.1207463,
            27.9947422
          ],
          [
            85.1213679,
            27.9944473
          ],
          [
            85.1217557,
            27.9941967
          ],
          [
            85.122188,
            27.9939036
          ],
          [
            85.1224025,
            27.9937467
          ],
          [
            85.1225639,
            27.9934917
          ],
          [
            85.1226392,
            27.993121
          ],
          [
            85.1226687,
            27.9927563
          ],
          [
            85.122824,
            27.9924591
          ],
          [
            85.1231033,
            27.9922684
          ],
          [
            85.1232675,
            27.9921134
          ],
          [
            85.1233138,
            27.9919937
          ],
          [
            85.1232843,
            27.9918279
          ],
          [
            85.1233272,
            27.9915555
          ],
          [
            85.1234721,
            27.9913234
          ],
          [
            85.1236734,
            27.991207
          ],
          [
            85.1237349,
            27.9910297
          ],
          [
            85.1237798,
            27.9907238
          ],
          [
            85.1237564,
            27.9904139
          ],
          [
            85.123751,
            27.9902102
          ],
          [
            85.1238218,
            27.9899896
          ],
          [
            85.1239441,
            27.9899307
          ],
          [
            85.1241104,
            27.9898881
          ],
          [
            85.1243304,
            27.9899402
          ],
          [
            85.1247526,
            27.9900915
          ],
          [
            85.1251029,
            27.9903192
          ],
          [
            85.1253257,
            27.9907602
          ],
          [
            85.1254193,
            27.9912524
          ],
          [
            85.1255106,
            27.9915034
          ],
          [
            85.1255524,
            27.99167
          ],
          [
            85.1257352,
            27.9918638
          ],
          [
            85.1261918,
            27.9920244
          ],
          [
            85.1264225,
            27.9921192
          ],
          [
            85.1266525,
            27.9921228
          ],
          [
            85.1270931,
            27.991996
          ],
          [
            85.127636,
            27.9919428
          ],
          [
            85.1280705,
            27.9915709
          ],
          [
            85.1286105,
            27.9915875
          ],
          [
            85.1289565,
            27.9916958
          ],
          [
            85.1292783,
            27.99171
          ],
          [
            85.1299757,
            27.9915473
          ],
          [
            85.1300903,
            27.9915542
          ],
          [
            85.1302217,
            27.9916063
          ],
          [
            85.1303692,
            27.9916253
          ],
          [
            85.1307635,
            27.9915945
          ],
          [
            85.1311586,
            27.9914415
          ],
          [
            85.1313023,
            27.991257
          ],
          [
            85.1320303,
            27.9905217
          ],
          [
            85.1337872,
            27.9898072
          ],
          [
            85.135249,
            27.9897204
          ],
          [
            85.1356562,
            27.9894627
          ],
          [
            85.1363531,
            27.9890217
          ],
          [
            85.137131,
            27.9889743
          ],
          [
            85.1397685,
            27.9892112
          ],
          [
            85.1406804,
            27.9888638
          ],
          [
            85.1408906,
            27.9888587
          ],
          [
            85.1411587,
            27.9888725
          ],
          [
            85.1419581,
            27.9889013
          ],
          [
            85.1427145,
            27.9894204
          ],
          [
            85.1435121,
            27.9893233
          ],
          [
            85.1439057,
            27.9891904
          ],
          [
            85.1446515,
            27.9895136
          ],
          [
            85.145342,
            27.9895702
          ],
          [
            85.1458461,
            27.9896667
          ],
          [
            85.146264,
            27.9898781
          ],
          [
            85.1468379,
            27.989893
          ],
          [
            85.1473519,
            27.9896491
          ],
          [
            85.1481186,
            27.9894251
          ],
          [
            85.1482035,
            27.9891977
          ],
          [
            85.1485756,
            27.9889054
          ],
          [
            85.1488949,
            27.9886398
          ],
          [
            85.1499162,
            27.9887927
          ],
          [
            85.1503374,
            27.9889903
          ],
          [
            85.1507461,
            27.9890479
          ],
          [
            85.1513235,
            27.9887996
          ],
          [
            85.1518093,
            27.9882993
          ],
          [
            85.152293,
            27.9880508
          ],
          [
            85.1532135,
            27.9875264
          ],
          [
            85.153742,
            27.9872788
          ],
          [
            85.1541338,
            27.9872622
          ],
          [
            85.1543776,
            27.9873361
          ],
          [
            85.155446,
            27.9877466
          ],
          [
            85.1564563,
            27.9882282
          ],
          [
            85.1569335,
            27.988348
          ],
          [
            85.1574107,
            27.9883303
          ],
          [
            85.1585574,
            27.9879914
          ],
          [
            85.1592726,
            27.9868071
          ],
          [
            85.1593557,
            27.9865906
          ],
          [
            85.1597509,
            27.9861247
          ],
          [
            85.1603222,
            27.985629
          ],
          [
            85.1607469,
            27.9857015
          ],
          [
            85.1609687,
            27.9858082
          ],
          [
            85.1610718,
            27.9859568
          ],
          [
            85.161307,
            27.9860726
          ],
          [
            85.1615685,
            27.9861218
          ],
          [
            85.1617853,
            27.9860187
          ],
          [
            85.16192,
            27.9859074
          ],
          [
            85.1620531,
            27.9859077
          ],
          [
            85.1621644,
            27.9858133
          ],
          [
            85.162239,
            27.9847873
          ],
          [
            85.162772,
            27.9842586
          ],
          [
            85.1638122,
            27.9837109
          ],
          [
            85.1647588,
            27.9833682
          ],
          [
            85.1652962,
            27.9831929
          ],
          [
            85.1659814,
            27.9829906
          ],
          [
            85.1666133,
            27.9827315
          ],
          [
            85.1677699,
            27.9828238
          ],
          [
            85.1685236,
            27.9823619
          ],
          [
            85.1693234,
            27.9819378
          ],
          [
            85.1699177,
            27.9818518
          ],
          [
            85.1714934,
            27.9820121
          ],
          [
            85.1720068,
            27.9821591
          ],
          [
            85.1734235,
            27.9821816
          ],
          [
            85.1743926,
            27.9824883
          ],
          [
            85.1750446,
            27.9827623
          ],
          [
            85.17585,
            27.9829492
          ],
          [
            85.176108,
            27.982948
          ],
          [
            85.1766313,
            27.9830396
          ],
          [
            85.1771969,
            27.9829885
          ],
          [
            85.1773623,
            27.9829265
          ],
          [
            85.1777441,
            27.9828299
          ],
          [
            85.1781151,
            27.9827244
          ],
          [
            85.1790342,
            27.9823784
          ],
          [
            85.1792902,
            27.982282
          ],
          [
            85.1801142,
            27.9817757
          ],
          [
            85.1801265,
            27.9817682
          ],
          [
            85.1802747,
            27.9816623
          ]
        ]
      },
      "id": "way/298744777"
    },
    {
      "type": "Feature",
      "properties": {
        "@id": "way/300686596",
        "waterway": "river"
      },
      "geometry": {
        "type": "LineString",
        "coordinates": [
          [
            85.2709917,
            28.023443
          ],
          [
            85.271276,
            28.0230642
          ],
          [
            85.2715066,
            28.0227327
          ],
          [
            85.2717373,
            28.0223609
          ],
          [
            85.2717588,
            28.022091
          ],
          [
            85.2716515,
            28.0217595
          ],
          [
            85.2715066,
            28.021402
          ],
          [
            85.2715764,
            28.0210705
          ],
          [
            85.2717537,
            28.0208671
          ],
          [
            85.2718797,
            28.0205806
          ],
          [
            85.2719039,
            28.0202562
          ],
          [
            85.2719307,
            28.0199484
          ],
          [
            85.2718154,
            28.019553
          ],
          [
            85.2716705,
            28.0190818
          ],
          [
            85.2716356,
            28.018459
          ],
          [
            85.2714942,
            28.0178901
          ],
          [
            85.2712548,
            28.0175628
          ],
          [
            85.2711274,
            28.0174408
          ],
          [
            85.2711005,
            28.0172964
          ],
          [
            85.2709919,
            28.017152
          ],
          [
            85.2710026,
            28.0170691
          ],
          [
            85.2710174,
            28.0167021
          ],
          [
            85.2710684,
            28.0163232
          ],
          [
            85.2708015,
            28.016045
          ],
          [
            85.270595,
            28.0158863
          ],
          [
            85.2702758,
            28.0156886
          ],
          [
            85.2700599,
            28.0155702
          ],
          [
            85.2697702,
            28.0153488
          ],
          [
            85.2695972,
            28.0151807
          ],
          [
            85.2695838,
            28.0148812
          ],
          [
            85.2698547,
            28.0145544
          ],
          [
            85.2699257,
            28.0144466
          ],
          [
            85.2700263,
            28.0142939
          ],
          [
            85.2700585,
            28.0141755
          ],
          [
            85.2700156,
            28.0140145
          ],
          [
            85.269683,
            28.013915
          ],
          [
            85.2692968,
            28.0140761
          ],
          [
            85.2691573,
            28.0141992
          ],
          [
            85.268932,
            28.0141803
          ],
          [
            85.2687067,
            28.0139908
          ],
          [
            85.2686477,
            28.0137777
          ],
          [
            85.268819,
            28.0131507
          ],
          [
            85.2692205,
            28.0124816
          ],
          [
            85.2694235,
            28.0116253
          ],
          [
            85.2693153,
            28.0113824
          ],
          [
            85.268801,
            28.0110199
          ],
          [
            85.2677318,
            28.0106495
          ],
          [
            85.2676235,
            28.0104623
          ],
          [
            85.2676957,
            28.0101995
          ],
          [
            85.2678048,
            28.0099576
          ],
          [
            85.2678987,
            28.0097494
          ],
          [
            85.2684265,
            28.0090643
          ],
          [
            85.2685574,
            28.0087935
          ],
          [
            85.2684762,
            28.008212
          ],
          [
            85.2686521,
            28.0076703
          ],
          [
            85.2684356,
            28.0071167
          ],
          [
            85.2679438,
            28.0067781
          ],
          [
            85.2674792,
            28.0068219
          ],
          [
            85.2668792,
            28.006567
          ],
          [
            85.2665814,
            28.0062125
          ],
          [
            85.2665092,
            28.0059536
          ],
          [
            85.2665363,
            28.0057306
          ],
          [
            85.2668205,
            28.0051092
          ],
          [
            85.266816,
            28.0047866
          ],
          [
            85.2666987,
            28.0045516
          ],
          [
            85.2663739,
            28.0043086
          ],
          [
            85.2658145,
            28.0038904
          ],
          [
            85.2657333,
            28.0036435
          ],
          [
            85.2657243,
            28.0034364
          ],
          [
            85.2659092,
            28.003277
          ],
          [
            85.2662025,
            28.0032491
          ],
          [
            85.2664641,
            28.0031177
          ],
          [
            85.2665137,
            28.0027871
          ],
          [
            85.2666536,
            28.0024565
          ],
          [
            85.2666807,
            28.0015483
          ],
          [
            85.2667722,
            28.0011278
          ],
          [
            85.266807,
            28.000927
          ],
          [
            85.2666311,
            28.0005309
          ],
          [
            85.2660351,
            28.0002036
          ],
          [
            85.2655202,
            28.0000804
          ],
          [
            85.2647321,
            27.9999151
          ],
          [
            85.2643995,
            27.9997446
          ],
          [
            85.2642493,
            27.9995741
          ],
          [
            85.2640932,
            27.9994931
          ],
          [
            85.2639275,
            27.9994888
          ],
          [
            85.2637392,
            27.9994742
          ],
          [
            85.2635139,
            27.999351
          ],
          [
            85.2631979,
            27.9991668
          ],
          [
            85.2628165,
            27.9989247
          ],
          [
            85.2626341,
            27.9986026
          ],
          [
            85.262404,
            27.9981152
          ],
          [
            85.2622157,
            27.9977216
          ],
          [
            85.2618509,
            27.9972859
          ],
          [
            85.2614647,
            27.9969069
          ],
          [
            85.2613037,
            27.9967838
          ],
          [
            85.2611487,
            27.9967132
          ],
          [
            85.2608424,
            27.9966511
          ],
          [
            85.2604728,
            27.9966374
          ],
          [
            85.2602234,
            27.9965506
          ],
          [
            85.2600303,
            27.9963918
          ],
          [
            85.2597674,
            27.9961392
          ],
          [
            85.2595844,
            27.995836
          ],
          [
            85.2593417,
            27.9954333
          ],
          [
            85.2591676,
            27.9952101
          ]
        ]
      },
      "id": "way/300686596"
    },
    {
      "type": "Feature",
      "properties": {
        "@id": "way/321548891",
        "boat": "no",
        "name": "Trishuli Ganga River",
        "name:en": "Trishuli Ganga River",
        "name:ko": "트리슐리강",
        "waterway": "river"
      },
      "geometry": {
        "type": "LineString",
        "coordinates": [
          [
            85.1932071,
            28.0297448
          ],
          [
            85.1933547,
            28.0294064
          ],
          [
            85.193351,
            28.0291551
          ],
          [
            85.19333,
            28.0288259
          ],
          [
            85.1933384,
            28.0285889
          ],
          [
            85.1933188,
            28.0283411
          ],
          [
            85.1932995,
            28.0280725
          ],
          [
            85.1931936,
            28.0278133
          ],
          [
            85.1929095,
            28.0275172
          ],
          [
            85.1927075,
            28.0272512
          ],
          [
            85.1923439,
            28.0270126
          ],
          [
            85.1921705,
            28.0268354
          ],
          [
            85.1918067,
            28.026658
          ],
          [
            85.1913326,
            28.0264568
          ],
          [
            85.1907914,
            28.0264414
          ],
          [
            85.1903075,
            28.0263773
          ],
          [
            85.1902129,
            28.0263345
          ],
          [
            85.1894957,
            28.0260576
          ],
          [
            85.1892257,
            28.0258911
          ],
          [
            85.188928,
            28.0257734
          ],
          [
            85.188615,
            28.0255798
          ],
          [
            85.1883336,
            28.0255171
          ],
          [
            85.1881506,
            28.0254448
          ],
          [
            85.1880359,
            28.0253966
          ],
          [
            85.1878665,
            28.0252856
          ]
        ]
      },
      "id": "way/321548891"
    },
    {
      "type": "Feature",
      "properties": {
        "@id": "way/329416172",
        "intermittent": "no",
        "name": "Chilime Khola",
        "source": "Nepa Maps",
        "tidal": "yes",
        "waterway": "river"
      },
      "geometry": {
        "type": "LineString",
        "coordinates": [
          [
            85.2849115,
            28.2166057
          ],
          [
            85.2850328,
            28.2164394
          ],
          [
            85.2852412,
            28.216281
          ],
          [
            85.2853166,
            28.2161511
          ],
          [
            85.285416,
            28.2159276
          ],
          [
            85.2854331,
            28.2157646
          ],
          [
            85.2854434,
            28.2156407
          ],
          [
            85.2855085,
            28.2155139
          ],
          [
            85.2856148,
            28.215378
          ],
          [
            85.2857176,
            28.2152421
          ],
          [
            85.2858478,
            28.2150881
          ],
          [
            85.2858787,
            28.2147287
          ],
          [
            85.2861152,
            28.2143995
          ],
          [
            85.2862077,
            28.2142968
          ],
          [
            85.286403,
            28.2141519
          ],
          [
            85.2865641,
            28.214019
          ],
          [
            85.2866875,
            28.2138529
          ],
          [
            85.2869,
            28.2135932
          ],
          [
            85.2869822,
            28.2134603
          ],
          [
            85.2870816,
            28.2133274
          ],
          [
            85.2871982,
            28.2132096
          ],
          [
            85.2872838,
            28.2131553
          ],
          [
            85.2874689,
            28.2130133
          ],
          [
            85.287887,
            28.2127989
          ],
          [
            85.2880138,
            28.2127083
          ],
          [
            85.2881064,
            28.2126026
          ],
          [
            85.2882812,
            28.2124365
          ],
          [
            85.2884148,
            28.212367
          ],
          [
            85.2885313,
            28.2122613
          ],
          [
            85.2885828,
            28.2121526
          ],
          [
            85.2886033,
            28.212059
          ],
          [
            85.2887061,
            28.2119533
          ],
          [
            85.2888843,
            28.2118868
          ],
          [
            85.2890523,
            28.2118506
          ],
          [
            85.2891996,
            28.2117962
          ],
          [
            85.2893196,
            28.2116573
          ],
          [
            85.2893916,
            28.2114973
          ],
          [
            85.2896178,
            28.2111409
          ],
          [
            85.2897686,
            28.2110986
          ],
          [
            85.2899022,
            28.2110231
          ],
          [
            85.2900256,
            28.2109083
          ],
          [
            85.2901147,
            28.2107604
          ],
          [
            85.2901524,
            28.2106093
          ],
          [
            85.290197,
            28.2104312
          ],
          [
            85.2902861,
            28.2102439
          ],
          [
            85.2903992,
            28.2099902
          ],
          [
            85.290502,
            28.2097577
          ],
          [
            85.2905671,
            28.2094979
          ],
          [
            85.2906425,
            28.2092895
          ],
          [
            85.2906836,
            28.2091053
          ],
          [
            85.2906734,
            28.2089181
          ],
          [
            85.2906425,
            28.2087127
          ],
          [
            85.2907042,
            28.2085103
          ],
          [
            85.2907419,
            28.2083805
          ],
          [
            85.2907111,
            28.2081842
          ],
          [
            85.2906665,
            28.2079939
          ],
          [
            85.2906151,
            28.2077976
          ],
          [
            85.2905465,
            28.2075952
          ],
          [
            85.2904883,
            28.2073808
          ],
          [
            85.2902141,
            28.2070335
          ],
          [
            85.2901216,
            28.2068492
          ],
          [
            85.2900462,
            28.2066559
          ],
          [
            85.2899022,
            28.2063841
          ],
          [
            85.2897172,
            28.2061365
          ],
          [
            85.2896589,
            28.2058737
          ],
          [
            85.2896212,
            28.2056683
          ],
          [
            85.2896418,
            28.2053452
          ],
          [
            85.2896795,
            28.2052636
          ],
          [
            85.2897446,
            28.2051368
          ],
          [
            85.2898028,
            28.2049374
          ],
          [
            85.2897891,
            28.2048438
          ],
          [
            85.2897274,
            28.20472
          ],
          [
            85.2896281,
            28.2046022
          ],
          [
            85.2896178,
            28.2043756
          ],
          [
            85.2895938,
            28.2041038
          ],
          [
            85.2895698,
            28.2038803
          ],
          [
            85.2896109,
            28.2037535
          ],
          [
            85.2896897,
            28.2036296
          ],
          [
            85.2897857,
            28.20353
          ],
          [
            85.2898611,
            28.203391
          ],
          [
            85.2900057,
            28.203149
          ],
          [
            85.2899596,
            28.203067
          ],
          [
            85.2899328,
            28.20292
          ],
          [
            85.2899879,
            28.2027688
          ],
          [
            85.2900347,
            28.2026277
          ],
          [
            85.2900267,
            28.2024188
          ],
          [
            85.2900075,
            28.2020285
          ],
          [
            85.290118,
            28.2016569
          ],
          [
            85.2901045,
            28.2014225
          ],
          [
            85.2901295,
            28.2012236
          ],
          [
            85.2901803,
            28.2011347
          ],
          [
            85.2904338,
            28.2009309
          ],
          [
            85.2903716,
            28.2006644
          ],
          [
            85.290378,
            28.2004589
          ],
          [
            85.2903375,
            28.2003193
          ],
          [
            85.2904157,
            28.2000548
          ],
          [
            85.2905179,
            28.1999733
          ],
          [
            85.2905378,
            28.1996828
          ],
          [
            85.2905778,
            28.1995186
          ],
          [
            85.290704,
            28.1993636
          ],
          [
            85.2907925,
            28.1992985
          ],
          [
            85.2909266,
            28.1992702
          ],
          [
            85.2911338,
            28.1992223
          ],
          [
            85.2912354,
            28.1991836
          ],
          [
            85.2913965,
            28.1990538
          ],
          [
            85.2915164,
            28.1988755
          ],
          [
            85.2915679,
            28.1987336
          ],
          [
            85.2915816,
            28.1985765
          ],
          [
            85.2916322,
            28.1983907
          ],
          [
            85.2916023,
            28.1982764
          ],
          [
            85.2915492,
            28.1981946
          ],
          [
            85.291472,
            28.198126
          ],
          [
            85.291336,
            28.1980685
          ],
          [
            85.2911861,
            28.1980189
          ],
          [
            85.2910933,
            28.1979391
          ],
          [
            85.2910569,
            28.1978379
          ],
          [
            85.291096,
            28.1976865
          ],
          [
            85.291183,
            28.1975775
          ],
          [
            85.2912924,
            28.1973914
          ],
          [
            85.2914608,
            28.1973914
          ],
          [
            85.291844,
            28.1971976
          ],
          [
            85.2919035,
            28.1971453
          ],
          [
            85.2920271,
            28.1969317
          ],
          [
            85.2920738,
            28.196694
          ],
          [
            85.2921591,
            28.1966511
          ],
          [
            85.292182,
            28.1965901
          ],
          [
            85.2920954,
            28.1964801
          ],
          [
            85.2920845,
            28.1964227
          ],
          [
            85.2921674,
            28.1962781
          ],
          [
            85.2922185,
            28.1961842
          ],
          [
            85.2922691,
            28.1960442
          ],
          [
            85.292277,
            28.1959178
          ],
          [
            85.2924542,
            28.1957575
          ],
          [
            85.2926107,
            28.1956098
          ],
          [
            85.2927867,
            28.1953487
          ],
          [
            85.292923,
            28.1952813
          ],
          [
            85.2931542,
            28.1951445
          ],
          [
            85.2933314,
            28.1949834
          ],
          [
            85.2934995,
            28.194856
          ],
          [
            85.2935999,
            28.1946314
          ],
          [
            85.2936799,
            28.1943409
          ],
          [
            85.2941015,
            28.1936468
          ],
          [
            85.2941161,
            28.1935699
          ],
          [
            85.294167,
            28.1934673
          ],
          [
            85.2943027,
            28.1933072
          ],
          [
            85.2943996,
            28.1930807
          ],
          [
            85.2944238,
            28.1930359
          ],
          [
            85.2945184,
            28.1929141
          ],
          [
            85.2946008,
            28.1927945
          ],
          [
            85.2945783,
            28.1927324
          ],
          [
            85.2945994,
            28.1926277
          ],
          [
            85.2946692,
            28.1926335
          ],
          [
            85.2946919,
            28.192619
          ],
          [
            85.294679,
            28.1925528
          ],
          [
            85.2948326,
            28.1925453
          ],
          [
            85.2949336,
            28.192476
          ],
          [
            85.29518,
            28.1922946
          ],
          [
            85.2953817,
            28.1921366
          ],
          [
            85.2954181,
            28.1919999
          ],
          [
            85.2954956,
            28.1918834
          ],
          [
            85.2957977,
            28.1918428
          ],
          [
            85.2959783,
            28.1916888
          ],
          [
            85.2961188,
            28.1915871
          ],
          [
            85.296282,
            28.1914898
          ],
          [
            85.2964888,
            28.1914235
          ],
          [
            85.2966856,
            28.1914471
          ],
          [
            85.2969765,
            28.1916047
          ],
          [
            85.2973496,
            28.191551
          ],
          [
            85.2975909,
            28.1914532
          ],
          [
            85.2977206,
            28.1913047
          ],
          [
            85.297874,
            28.1909829
          ],
          [
            85.2978058,
            28.1906174
          ],
          [
            85.2978859,
            28.190375
          ],
          [
            85.2978936,
            28.1901455
          ],
          [
            85.2980267,
            28.1898977
          ],
          [
            85.298165,
            28.1897543
          ],
          [
            85.2982838,
            28.1896407
          ],
          [
            85.2983187,
            28.1894388
          ],
          [
            85.2984957,
            28.1890017
          ],
          [
            85.2986691,
            28.188867
          ],
          [
            85.2988669,
            28.188749
          ],
          [
            85.2993354,
            28.1883622
          ],
          [
            85.2993758,
            28.1881273
          ],
          [
            85.2991981,
            28.1877429
          ],
          [
            85.2991872,
            28.1874304
          ],
          [
            85.2993035,
            28.187118
          ],
          [
            85.2995182,
            28.1868291
          ],
          [
            85.2997557,
            28.1866812
          ],
          [
            85.2999529,
            28.1865806
          ],
          [
            85.3001073,
            28.1864622
          ],
          [
            85.3003678,
            28.1861272
          ],
          [
            85.3004573,
            28.1859997
          ],
          [
            85.300663,
            28.1855904
          ],
          [
            85.3007985,
            28.1853359
          ],
          [
            85.3009712,
            28.1851485
          ],
          [
            85.3013711,
            28.1849653
          ],
          [
            85.3020596,
            28.1849763
          ],
          [
            85.3028849,
            28.1846682
          ],
          [
            85.3032878,
            28.1845448
          ],
          [
            85.3035177,
            28.1844335
          ],
          [
            85.3035777,
            28.1843123
          ],
          [
            85.304047,
            28.1837899
          ],
          [
            85.3042315,
            28.1836812
          ],
          [
            85.3043995,
            28.1836436
          ],
          [
            85.3044725,
            28.1836591
          ],
          [
            85.3046031,
            28.1836868
          ],
          [
            85.3050897,
            28.1836573
          ],
          [
            85.3053681,
            28.1835723
          ],
          [
            85.3055146,
            28.1834961
          ],
          [
            85.3056557,
            28.1832349
          ],
          [
            85.3056698,
            28.1830923
          ],
          [
            85.3056963,
            28.1828231
          ],
          [
            85.3058006,
            28.182574
          ],
          [
            85.3065189,
            28.1819578
          ],
          [
            85.3072471,
            28.1811714
          ],
          [
            85.3077972,
            28.1810339
          ],
          [
            85.30819,
            28.1806955
          ],
          [
            85.3084204,
            28.18024
          ],
          [
            85.3088541,
            28.1798694
          ],
          [
            85.3092205,
            28.1795985
          ],
          [
            85.3094568,
            28.1795007
          ],
          [
            85.3096468,
            28.179541
          ],
          [
            85.3099976,
            28.1798503
          ],
          [
            85.3111661,
            28.1802755
          ],
          [
            85.312294,
            28.180559
          ],
          [
            85.3129269,
            28.1805541
          ],
          [
            85.313603,
            28.1804255
          ],
          [
            85.3148726,
            28.1807044
          ],
          [
            85.3158176,
            28.1803261
          ],
          [
            85.3164969,
            28.1805113
          ],
          [
            85.317229,
            28.1808251
          ],
          [
            85.3175791,
            28.1811832
          ],
          [
            85.3179436,
            28.181418
          ],
          [
            85.3183356,
            28.1811549
          ],
          [
            85.3188548,
            28.1810078
          ],
          [
            85.3194382,
            28.1806541
          ],
          [
            85.3201107,
            28.1803368
          ],
          [
            85.3209903,
            28.1799536
          ],
          [
            85.3214306,
            28.1799764
          ],
          [
            85.3218824,
            28.1802505
          ],
          [
            85.32208,
            28.1802598
          ],
          [
            85.3222622,
            28.1802046
          ],
          [
            85.3226573,
            28.1799143
          ],
          [
            85.3231918,
            28.1796835
          ],
          [
            85.3236297,
            28.1797483
          ],
          [
            85.3242983,
            28.1799498
          ],
          [
            85.3248773,
            28.1799055
          ],
          [
            85.3254318,
            28.1795828
          ],
          [
            85.3266663,
            28.1794397
          ],
          [
            85.3275185,
            28.1794927
          ],
          [
            85.3282813,
            28.1793801
          ],
          [
            85.3285069,
            28.1793843
          ],
          [
            85.3287314,
            28.1795509
          ],
          [
            85.3290587,
            28.1796953
          ],
          [
            85.3294914,
            28.1799682
          ],
          [
            85.3297886,
            28.1799501
          ],
          [
            85.3300884,
            28.1800149
          ],
          [
            85.3303585,
            28.1801982
          ],
          [
            85.330498,
            28.1803344
          ],
          [
            85.3307729,
            28.1804256
          ],
          [
            85.3313217,
            28.1805423
          ],
          [
            85.331507,
            28.1807088
          ],
          [
            85.3319102,
            28.1807208
          ],
          [
            85.3321211,
            28.1805721
          ],
          [
            85.3323869,
            28.1805832
          ],
          [
            85.3326493,
            28.1806201
          ],
          [
            85.3328651,
            28.1805293
          ],
          [
            85.3332638,
            28.1806164
          ],
          [
            85.3337901,
            28.1807341
          ],
          [
            85.3343009,
            28.1807418
          ],
          [
            85.3347058,
            28.1806804
          ],
          [
            85.3353488,
            28.1807279
          ],
          [
            85.3359821,
            28.1809139
          ],
          [
            85.3366041,
            28.1812551
          ],
          [
            85.3368884,
            28.1812977
          ],
          [
            85.337036,
            28.1814348
          ],
          [
            85.3372373,
            28.1817141
          ],
          [
            85.337685,
            28.181955
          ],
          [
            85.33823,
            28.1820926
          ],
          [
            85.3387524,
            28.1819855
          ],
          [
            85.3391167,
            28.1818875
          ],
          [
            85.3393053,
            28.1819012
          ],
          [
            85.3395412,
            28.1819954
          ],
          [
            85.3397039,
            28.18211
          ],
          [
            85.3400508,
            28.1821488
          ],
          [
            85.3403974,
            28.1821994
          ],
          [
            85.3408132,
            28.1821903
          ],
          [
            85.3411556,
            28.1821467
          ],
          [
            85.3413442,
            28.1820243
          ],
          [
            85.3415941,
            28.1820253
          ],
          [
            85.3419268,
            28.1818381
          ],
          [
            85.3427186,
            28.1812149
          ]
        ]
      },
      "id": "way/329416172"
    },
    {
      "type": "Feature",
      "properties": {
        "@id": "way/340490746",
        "waterway": "river"
      },
      "geometry": {
        "type": "LineString",
        "coordinates": [
          [
            85.3147746,
            28.033084
          ],
          [
            85.3142897,
            28.0320474
          ],
          [
            85.3135633,
            28.0313147
          ],
          [
            85.3119205,
            28.0310552
          ],
          [
            85.3108595,
            28.0311723
          ],
          [
            85.3107445,
            28.031185
          ],
          [
            85.3102084,
            28.030353
          ],
          [
            85.3094648,
            28.0296203
          ],
          [
            85.3085655,
            28.0297806
          ],
          [
            85.3080569,
            28.0302128
          ],
          [
            85.307355,
            28.0301928
          ],
          [
            85.3063433,
            28.029689
          ],
          [
            85.3051414,
            28.0285518
          ],
          [
            85.3045361,
            28.0281625
          ],
          [
            85.3039741,
            28.0273076
          ],
          [
            85.303585,
            28.0267886
          ],
          [
            85.3027203,
            28.0259872
          ],
          [
            85.3015789,
            28.025804
          ],
          [
            85.3006796,
            28.0254758
          ],
          [
            85.2997363,
            28.02529
          ],
          [
            85.2982274,
            28.0262199
          ],
          [
            85.2979239,
            28.0260138
          ],
          [
            85.2965618,
            28.0250889
          ],
          [
            85.2954657,
            28.0248502
          ],
          [
            85.29464,
            28.024536
          ],
          [
            85.2933731,
            28.024624
          ],
          [
            85.2926186,
            28.0247371
          ],
          [
            85.2916648,
            28.0243726
          ],
          [
            85.2891451,
            28.0242218
          ],
          [
            85.288291,
            28.0239202
          ],
          [
            85.2873657,
            28.0244103
          ],
          [
            85.2868722,
            28.0246566
          ],
          [
            85.286325,
            28.0244198
          ],
          [
            85.2860675,
            28.0239747
          ],
          [
            85.2859602,
            28.023539
          ],
          [
            85.2847264,
            28.0230844
          ],
          [
            85.2842247,
            28.022915
          ],
          [
            85.2840934,
            28.022734
          ],
          [
            85.2841041,
            28.0224972
          ],
          [
            85.2835462,
            28.0223078
          ],
          [
            85.2826141,
            28.0220189
          ],
          [
            85.2823901,
            28.0220409
          ],
          [
            85.281351,
            28.0216564
          ],
          [
            85.2807287,
            28.0214244
          ],
          [
            85.2798009,
            28.0210645
          ],
          [
            85.2790698,
            28.0208286
          ],
          [
            85.2783387,
            28.020779
          ],
          [
            85.2780294,
            28.0206052
          ],
          [
            85.2772281,
            28.0199475
          ],
          [
            85.2764829,
            28.0197737
          ],
          [
            85.2756134,
            28.0194914
          ],
          [
            85.2753854,
            28.0192925
          ],
          [
            85.2751882,
            28.0191748
          ],
          [
            85.2750488,
            28.0191405
          ],
          [
            85.2748972,
            28.0192025
          ],
          [
            85.2746263,
            28.0194606
          ],
          [
            85.27457,
            28.0197495
          ],
          [
            85.2744573,
            28.0199721
          ],
          [
            85.2744278,
            28.0201875
          ],
          [
            85.2743863,
            28.0206291
          ],
          [
            85.2742884,
            28.020796
          ],
          [
            85.2735722,
            28.0212388
          ],
          [
            85.2729526,
            28.021298
          ],
          [
            85.2724618,
            28.0212554
          ],
          [
            85.2721399,
            28.0211394
          ],
          [
            85.2719226,
            28.0210328
          ],
          [
            85.2717537,
            28.0208671
          ]
        ]
      },
      "id": "way/340490746"
    },
    {
      "type": "Feature",
      "properties": {
        "@id": "way/340496820",
        "boat": "no",
        "name": "Menchet Khola",
        "source": "Nepa Maps",
        "waterway": "river"
      },
      "geometry": {
        "type": "LineString",
        "coordinates": [
          [
            85.0893306,
            28.1887232
          ],
          [
            85.0892796,
            28.1888544
          ],
          [
            85.089169,
            28.189038
          ],
          [
            85.0887709,
            28.1891027
          ],
          [
            85.0883912,
            28.1888329
          ],
          [
            85.0875277,
            28.1888868
          ],
          [
            85.0871296,
            28.1886763
          ],
          [
            85.0867989,
            28.1886169
          ],
          [
            85.086358,
            28.1888598
          ],
          [
            85.0858673,
            28.1895781
          ],
          [
            85.0845332,
            28.1902382
          ],
          [
            85.0830811,
            28.1903854
          ],
          [
            85.0813978,
            28.190717
          ],
          [
            85.0794041,
            28.1918558
          ],
          [
            85.078778,
            28.1919777
          ],
          [
            85.0781411,
            28.1919669
          ],
          [
            85.0772599,
            28.1920132
          ],
          [
            85.0761607,
            28.1924794
          ],
          [
            85.075075,
            28.1927971
          ],
          [
            85.07431,
            28.1928127
          ],
          [
            85.0738648,
            28.1926785
          ],
          [
            85.073537,
            28.192408
          ],
          [
            85.0726755,
            28.1917584
          ],
          [
            85.0713392,
            28.1911168
          ]
        ]
      },
      "id": "way/340496820"
    },
    {
      "type": "Feature",
      "properties": {
        "@id": "way/340496835",
        "name": "Bhabil Khola",
        "waterway": "river"
      },
      "geometry": {
        "type": "LineString",
        "coordinates": [
          [
            85.1298548,
            28.2196592
          ],
          [
            85.1296304,
            28.2195071
          ],
          [
            85.1295308,
            28.2193049
          ],
          [
            85.1295228,
            28.2190667
          ],
          [
            85.129779,
            28.2185713
          ],
          [
            85.1288471,
            28.2185811
          ],
          [
            85.128622,
            28.2184413
          ],
          [
            85.1284107,
            28.218317
          ],
          [
            85.1282336,
            28.218016
          ],
          [
            85.1278343,
            28.2175116
          ],
          [
            85.1267828,
            28.217117
          ],
          [
            85.1257546,
            28.2170413
          ],
          [
            85.1248689,
            28.217124
          ],
          [
            85.1239524,
            28.2172323
          ],
          [
            85.1230945,
            28.2174792
          ],
          [
            85.1226062,
            28.2174072
          ],
          [
            85.1219381,
            28.2170609
          ],
          [
            85.1211406,
            28.2170152
          ],
          [
            85.1204915,
            28.2167778
          ],
          [
            85.1201118,
            28.2165187
          ],
          [
            85.1197872,
            28.2160385
          ],
          [
            85.1195157,
            28.2155214
          ],
          [
            85.1195915,
            28.2148856
          ],
          [
            85.1188315,
            28.2139766
          ],
          [
            85.1179901,
            28.2137333
          ],
          [
            85.1176639,
            28.2133237
          ],
          [
            85.1176717,
            28.2131576
          ],
          [
            85.1179568,
            28.2128598
          ],
          [
            85.1180684,
            28.2123925
          ],
          [
            85.1173472,
            28.2111916
          ],
          [
            85.1169084,
            28.2108945
          ],
          [
            85.1162475,
            28.2111118
          ],
          [
            85.1153824,
            28.2111807
          ],
          [
            85.1150106,
            28.2110037
          ],
          [
            85.1146514,
            28.2105455
          ],
          [
            85.1147948,
            28.2096529
          ],
          [
            85.1142926,
            28.2088053
          ],
          [
            85.1140557,
            28.2080961
          ],
          [
            85.1136449,
            28.2072389
          ],
          [
            85.1129725,
            28.2070734
          ],
          [
            85.112595,
            28.2063999
          ],
          [
            85.1122496,
            28.2059802
          ],
          [
            85.1117576,
            28.2059357
          ],
          [
            85.1113507,
            28.2058978
          ],
          [
            85.1114347,
            28.2056187
          ],
          [
            85.1106912,
            28.20466
          ],
          [
            85.1101795,
            28.204696
          ],
          [
            85.1100179,
            28.2042034
          ],
          [
            85.1093893,
            28.2043186
          ],
          [
            85.109079,
            28.2039748
          ],
          [
            85.1092001,
            28.2033191
          ],
          [
            85.1088822,
            28.2030614
          ],
          [
            85.1088335,
            28.2027158
          ],
          [
            85.1086295,
            28.2020885
          ],
          [
            85.1079559,
            28.2009066
          ],
          [
            85.1076375,
            28.2003777
          ],
          [
            85.1075885,
            28.1997246
          ],
          [
            85.1070802,
            28.1980515
          ],
          [
            85.1071904,
            28.1977169
          ],
          [
            85.1071169,
            28.1972582
          ],
          [
            85.1069639,
            28.1969559
          ],
          [
            85.1070863,
            28.1965134
          ],
          [
            85.1071782,
            28.1962381
          ],
          [
            85.1069516,
            28.1958657
          ],
          [
            85.1064433,
            28.1954933
          ],
          [
            85.1060269,
            28.1951803
          ],
          [
            85.1057881,
            28.1949536
          ],
          [
            85.105635,
            28.1945326
          ],
          [
            85.1058861,
            28.1940037
          ],
          [
            85.1059228,
            28.1936474
          ],
          [
            85.1056656,
            28.1931671
          ],
          [
            85.1055737,
            28.1923683
          ],
          [
            85.1052002,
            28.1920768
          ],
          [
            85.104202,
            28.1915694
          ],
          [
            85.1032957,
            28.1914615
          ],
          [
            85.1025547,
            28.1911431
          ],
          [
            85.1018872,
            28.1905655
          ]
        ]
      },
      "id": "way/340496835"
    },
    {
      "type": "Feature",
      "properties": {
        "@id": "way/340540978",
        "waterway": "river"
      },
      "geometry": {
        "type": "LineString",
        "coordinates": [
          [
            85.3050503,
            28.0064136
          ],
          [
            85.3045368,
            28.0060539
          ],
          [
            85.304545,
            28.0057669
          ],
          [
            85.3040832,
            28.0052985
          ],
          [
            85.304413,
            28.0043259
          ],
          [
            85.3039116,
            28.003473
          ],
          [
            85.3025787,
            28.0032894
          ],
          [
            85.3010624,
            28.0025769
          ],
          [
            85.2982866,
            28.0017347
          ],
          [
            85.2969415,
            28.0018535
          ],
          [
            85.2965203,
            28.0022445
          ],
          [
            85.2957514,
            28.0024128
          ],
          [
            85.2952417,
            28.0026524
          ],
          [
            85.2940433,
            28.0022206
          ],
          [
            85.2924169,
            28.0022637
          ],
          [
            85.2924627,
            28.0027167
          ],
          [
            85.2923026,
            28.0030229
          ],
          [
            85.2919766,
            28.003165
          ],
          [
            85.291453,
            28.0030371
          ],
          [
            85.2908884,
            28.0031815
          ],
          [
            85.2903252,
            28.0034937
          ],
          [
            85.2898643,
            28.0035117
          ],
          [
            85.2890839,
            28.0029976
          ],
          [
            85.2885917,
            28.0029287
          ],
          [
            85.2880318,
            28.0032361
          ],
          [
            85.2874889,
            28.003257
          ],
          [
            85.2866853,
            28.0026879
          ],
          [
            85.286643,
            28.0026579
          ],
          [
            85.2863488,
            28.0022898
          ],
          [
            85.2858956,
            28.0022792
          ],
          [
            85.2851289,
            28.0017927
          ],
          [
            85.2848996,
            28.001558
          ],
          [
            85.284662,
            28.0010894
          ],
          [
            85.284512,
            28.0010205
          ],
          [
            85.2840038,
            28.0013244
          ],
          [
            85.282836,
            28.0015814
          ],
          [
            85.2825431,
            28.0023057
          ],
          [
            85.2825003,
            28.0027472
          ],
          [
            85.282181,
            28.0029368
          ],
          [
            85.2817699,
            28.0028759
          ],
          [
            85.2811938,
            28.003141
          ],
          [
            85.2805573,
            28.0036179
          ],
          [
            85.2804538,
            28.0036717
          ],
          [
            85.2803006,
            28.0036539
          ],
          [
            85.279771,
            28.0034244
          ],
          [
            85.278964,
            28.0033151
          ],
          [
            85.2783641,
            28.0034814
          ],
          [
            85.2778517,
            28.0034878
          ],
          [
            85.2775611,
            28.0035366
          ],
          [
            85.2773184,
            28.0035774
          ],
          [
            85.2763931,
            28.0033686
          ],
          [
            85.2758618,
            28.0032406
          ],
          [
            85.274804,
            28.0029491
          ],
          [
            85.2744019,
            28.0026762
          ],
          [
            85.2738164,
            28.0025073
          ],
          [
            85.273587,
            28.0024513
          ],
          [
            85.2725386,
            28.002635
          ],
          [
            85.2718255,
            28.0026762
          ],
          [
            85.2711973,
            28.0027437
          ],
          [
            85.2707601,
            28.0025863
          ],
          [
            85.2705564,
            28.0023127
          ],
          [
            85.2704333,
            28.001833
          ],
          [
            85.2698942,
            28.0017693
          ],
          [
            85.2694486,
            28.0015182
          ],
          [
            85.2690029,
            28.0013458
          ],
          [
            85.2686973,
            28.0013758
          ],
          [
            85.268311,
            28.0013196
          ],
          [
            85.2678696,
            28.0011134
          ],
          [
            85.2672074,
            28.0007237
          ],
          [
            85.2666311,
            28.0005309
          ]
        ]
      },
      "id": "way/340540978"
    },
    {
      "type": "Feature",
      "properties": {
        "@id": "way/342616697",
        "name": "Menchet Khola",
        "source": "Mapbox",
        "waterway": "river"
      },
      "geometry": {
        "type": "LineString",
        "coordinates": [
          [
            85.1018872,
            28.1905655
          ],
          [
            85.1014965,
            28.1906219
          ],
          [
            85.1010372,
            28.1907245
          ],
          [
            85.1007114,
            28.1907884
          ],
          [
            85.1001352,
            28.1908441
          ],
          [
            85.1000089,
            28.190589
          ],
          [
            85.1000205,
            28.1903682
          ],
          [
            85.1000756,
            28.1901415
          ],
          [
            85.0995976,
            28.1899993
          ],
          [
            85.0992923,
            28.1896409
          ],
          [
            85.0985506,
            28.1892691
          ],
          [
            85.0981251,
            28.1895068
          ],
          [
            85.0976956,
            28.189597
          ],
          [
            85.0973725,
            28.1897945
          ],
          [
            85.0969835,
            28.1897928
          ],
          [
            85.0964513,
            28.18972
          ],
          [
            85.096152,
            28.1893453
          ],
          [
            85.0958718,
            28.1890212
          ],
          [
            85.0955922,
            28.1888194
          ],
          [
            85.0951267,
            28.1885433
          ],
          [
            85.0947773,
            28.1885577
          ],
          [
            85.0943148,
            28.188882
          ],
          [
            85.0938906,
            28.188971
          ],
          [
            85.0935898,
            28.188738
          ],
          [
            85.0933191,
            28.1886244
          ],
          [
            85.0928992,
            28.1884282
          ],
          [
            85.0921773,
            28.1881442
          ],
          [
            85.0913602,
            28.1884936
          ],
          [
            85.0900728,
            28.188391
          ],
          [
            85.0893306,
            28.1887232
          ]
        ]
      },
      "id": "way/342616697"
    },
    {
      "type": "Feature",
      "properties": {
        "@id": "way/342616698",
        "boat": "no",
        "name": "Ankhu Khola",
        "waterway": "river"
      },
      "geometry": {
        "type": "LineString",
        "coordinates": [
          [
            85.0713392,
            28.1911168
          ],
          [
            85.0709524,
            28.1905778
          ],
          [
            85.0706188,
            28.1902984
          ],
          [
            85.0702357,
            28.1901527
          ],
          [
            85.0700839,
            28.1897229
          ],
          [
            85.0696762,
            28.1890657
          ],
          [
            85.0695797,
            28.1887518
          ],
          [
            85.0693029,
            28.1882218
          ],
          [
            85.069092,
            28.1873253
          ],
          [
            85.0690717,
            28.1869224
          ],
          [
            85.0688415,
            28.1858728
          ],
          [
            85.0686943,
            28.184657
          ],
          [
            85.067517,
            28.1832501
          ],
          [
            85.065927,
            28.1831809
          ],
          [
            85.0654893,
            28.1828575
          ],
          [
            85.065124,
            28.1824905
          ],
          [
            85.0641267,
            28.1817269
          ],
          [
            85.063266,
            28.1811276
          ],
          [
            85.062717,
            28.1802667
          ],
          [
            85.0624445,
            28.1796331
          ],
          [
            85.0627246,
            28.1792004
          ],
          [
            85.062428,
            28.1783996
          ],
          [
            85.061339,
            28.177742
          ],
          [
            85.0606505,
            28.1775675
          ],
          [
            85.0605787,
            28.1772234
          ],
          [
            85.0602386,
            28.1764091
          ],
          [
            85.059437,
            28.1757809
          ],
          [
            85.0590282,
            28.1755609
          ],
          [
            85.0588712,
            28.175265
          ],
          [
            85.0588432,
            28.1749369
          ],
          [
            85.058346,
            28.1744807
          ],
          [
            85.0569298,
            28.1742793
          ],
          [
            85.0559042,
            28.1738925
          ],
          [
            85.0552787,
            28.1733742
          ],
          [
            85.0547369,
            28.1731141
          ],
          [
            85.0542777,
            28.1724379
          ],
          [
            85.0532391,
            28.1715744
          ],
          [
            85.0522692,
            28.1707345
          ],
          [
            85.0508004,
            28.1703287
          ],
          [
            85.0505204,
            28.1698889
          ],
          [
            85.0503252,
            28.1684229
          ],
          [
            85.0502676,
            28.1678395
          ],
          [
            85.0500832,
            28.1672768
          ],
          [
            85.0494749,
            28.1671057
          ],
          [
            85.0484955,
            28.1665347
          ],
          [
            85.048559,
            28.1658391
          ],
          [
            85.0478616,
            28.1651604
          ],
          [
            85.0477648,
            28.1636891
          ],
          [
            85.0465688,
            28.1639096
          ],
          [
            85.0458487,
            28.163553
          ],
          [
            85.0453672,
            28.1630725
          ],
          [
            85.0451929,
            28.1623836
          ],
          [
            85.045164,
            28.161576
          ],
          [
            85.0447756,
            28.1610387
          ],
          [
            85.0446201,
            28.1603061
          ],
          [
            85.0443374,
            28.1595655
          ],
          [
            85.0445912,
            28.1589024
          ],
          [
            85.0445735,
            28.1585033
          ],
          [
            85.044466,
            28.1581681
          ],
          [
            85.0442859,
            28.1578851
          ],
          [
            85.0442837,
            28.1567661
          ],
          [
            85.0436615,
            28.1555544
          ],
          [
            85.0435521,
            28.1549007
          ],
          [
            85.0434737,
            28.1544532
          ],
          [
            85.0432666,
            28.1538885
          ],
          [
            85.0430145,
            28.1535537
          ],
          [
            85.0428515,
            28.1531205
          ],
          [
            85.0427742,
            28.1527128
          ],
          [
            85.0426347,
            28.1522379
          ],
          [
            85.0425328,
            28.1517743
          ],
          [
            85.0425832,
            28.1514319
          ],
          [
            85.0431647,
            28.150958
          ],
          [
            85.0434815,
            28.1505153
          ],
          [
            85.0434521,
            28.1502247
          ],
          [
            85.0432879,
            28.1498691
          ],
          [
            85.0431805,
            28.1494281
          ],
          [
            85.0429123,
            28.1491186
          ],
          [
            85.0425629,
            28.1487196
          ],
          [
            85.0420156,
            28.1482317
          ],
          [
            85.0418225,
            28.147541
          ],
          [
            85.0416831,
            28.1469697
          ],
          [
            85.0418848,
            28.1461164
          ],
          [
            85.041962,
            28.1456774
          ],
          [
            85.0415393,
            28.1448355
          ],
          [
            85.0409846,
            28.1441996
          ],
          [
            85.0404632,
            28.1432698
          ],
          [
            85.0401701,
            28.1422798
          ],
          [
            85.0402501,
            28.1415041
          ],
          [
            85.039908,
            28.1414303
          ],
          [
            85.0387467,
            28.1411797
          ],
          [
            85.0367315,
            28.1404887
          ],
          [
            85.0359275,
            28.1390087
          ],
          [
            85.033181,
            28.1373436
          ],
          [
            85.0321008,
            28.13678
          ],
          [
            85.0309733,
            28.1368791
          ],
          [
            85.0304449,
            28.1374302
          ],
          [
            85.0295807,
            28.1374858
          ],
          [
            85.0290345,
            28.1375673
          ],
          [
            85.0282109,
            28.1376414
          ],
          [
            85.0273975,
            28.1369338
          ],
          [
            85.0271728,
            28.136284
          ],
          [
            85.0252845,
            28.1347702
          ],
          [
            85.0254468,
            28.1330868
          ],
          [
            85.0249643,
            28.1324458
          ],
          [
            85.0229862,
            28.1323352
          ],
          [
            85.0225379,
            28.1311371
          ],
          [
            85.0205379,
            28.1299966
          ],
          [
            85.019702,
            28.1280446
          ],
          [
            85.0194201,
            28.1279187
          ],
          [
            85.0185264,
            28.1280237
          ],
          [
            85.018026,
            28.1279081
          ],
          [
            85.0179009,
            28.1274575
          ],
          [
            85.0178591,
            28.1268888
          ],
          [
            85.0177281,
            28.1262163
          ],
          [
            85.0166206,
            28.1257775
          ],
          [
            85.0159884,
            28.1254387
          ],
          [
            85.0158105,
            28.1247742
          ],
          [
            85.0140462,
            28.1232844
          ],
          [
            85.0124341,
            28.1224951
          ],
          [
            85.0097768,
            28.1199548
          ],
          [
            85.0094732,
            28.1191019
          ],
          [
            85.0089428,
            28.1180926
          ],
          [
            85.0089174,
            28.1177999
          ],
          [
            85.0088778,
            28.1173449
          ],
          [
            85.0088889,
            28.1172124
          ],
          [
            85.0089501,
            28.1170603
          ],
          [
            85.0093104,
            28.1166012
          ],
          [
            85.0094878,
            28.1162883
          ],
          [
            85.0094043,
            28.1158649
          ],
          [
            85.0092478,
            28.1155335
          ],
          [
            85.0090808,
            28.1153034
          ],
          [
            85.0088834,
            28.1149107
          ],
          [
            85.0088778,
            28.1146015
          ],
          [
            85.0091017,
            28.1142818
          ],
          [
            85.0089243,
            28.1133522
          ],
          [
            85.0087886,
            28.1126618
          ],
          [
            85.0085382,
            28.1120543
          ],
          [
            85.0081312,
            28.1113456
          ],
          [
            85.0078484,
            28.1106642
          ],
          [
            85.0073334,
            28.1096327
          ],
          [
            85.0073069,
            28.1086481
          ],
          [
            85.0074434,
            28.1081138
          ],
          [
            85.0071966,
            28.1074561
          ],
          [
            85.0070625,
            28.1068268
          ],
          [
            85.0072396,
            28.1063631
          ],
          [
            85.0073093,
            28.1060697
          ],
          [
            85.0072962,
            28.1059738
          ],
          [
            85.0072181,
            28.1054025
          ],
          [
            85.0075775,
            28.104423
          ],
          [
            85.007835,
            28.1042669
          ],
          [
            85.007717,
            28.1038457
          ],
          [
            85.0077975,
            28.1033252
          ],
          [
            85.0082427,
            28.1029703
          ],
          [
            85.0081891,
            28.1025917
          ],
          [
            85.0085431,
            28.1020476
          ],
          [
            85.0090671,
            28.1008356
          ],
          [
            85.0094604,
            28.0998968
          ],
          [
            85.0095677,
            28.0993858
          ],
          [
            85.0093531,
            28.0982122
          ],
          [
            85.0093317,
            28.0964897
          ],
          [
            85.0104154,
            28.0955006
          ],
          [
            85.0105875,
            28.094683
          ],
          [
            85.010594,
            28.0943421
          ],
          [
            85.0103939,
            28.0939084
          ],
          [
            85.0101524,
            28.0934245
          ],
          [
            85.0101747,
            28.093122
          ],
          [
            85.0101832,
            28.0927714
          ],
          [
            85.0097458,
            28.091485
          ],
          [
            85.009599,
            28.0911887
          ],
          [
            85.0094348,
            28.0906061
          ],
          [
            85.0093087,
            28.090418
          ],
          [
            85.0089597,
            28.0901875
          ],
          [
            85.0087801,
            28.0899843
          ],
          [
            85.0087915,
            28.0897945
          ],
          [
            85.0089038,
            28.0895706
          ],
          [
            85.0089837,
            28.089321
          ],
          [
            85.0088881,
            28.0891727
          ],
          [
            85.0087055,
            28.0884611
          ],
          [
            85.0082204,
            28.0878398
          ]
        ]
      },
      "id": "way/342616698"
    },
    {
      "type": "Feature",
      "properties": {
        "@id": "way/343007937",
        "boat": "no",
        "name": "Trishuli Ganga River",
        "waterway": "river"
      },
      "geometry": {
        "type": "LineString",
        "coordinates": [
          [
            85.1878665,
            28.0252856
          ],
          [
            85.1877464,
            28.0251844
          ],
          [
            85.1876289,
            28.0250325
          ],
          [
            85.1874841,
            28.0248637
          ],
          [
            85.1873421,
            28.024719
          ],
          [
            85.187129,
            28.0245695
          ],
          [
            85.1869078,
            28.0244345
          ],
          [
            85.1867876,
            28.024338
          ],
          [
            85.1866811,
            28.0242006
          ],
          [
            85.1864953,
            28.0238944
          ],
          [
            85.1863342,
            28.0234965
          ],
          [
            85.1862113,
            28.0231903
          ],
          [
            85.1861457,
            28.0229033
          ],
          [
            85.1860911,
            28.0226695
          ],
          [
            85.1860364,
            28.0223632
          ],
          [
            85.1860201,
            28.021975
          ],
          [
            85.1860091,
            28.0217845
          ],
          [
            85.1860282,
            28.021541
          ],
          [
            85.1860665,
            28.0213023
          ],
          [
            85.1861348,
            28.0209526
          ],
          [
            85.1861949,
            28.0207452
          ],
          [
            85.1862768,
            28.0205933
          ],
          [
            85.1863664,
            28.0204707
          ],
          [
            85.1866975,
            28.0202172
          ],
          [
            85.1870252,
            28.0199543
          ],
          [
            85.1872602,
            28.019747
          ],
          [
            85.1873558,
            28.0196192
          ],
          [
            85.1874213,
            28.0194745
          ],
          [
            85.1874759,
            28.0193153
          ],
          [
            85.1874869,
            28.0191441
          ],
          [
            85.1874759,
            28.0189898
          ],
          [
            85.187424,
            28.0186233
          ],
          [
            85.1873776,
            28.0184231
          ],
          [
            85.1873503,
            28.0182351
          ],
          [
            85.1873366,
            28.0178082
          ],
          [
            85.1873522,
            28.017443
          ],
          [
            85.1872902,
            28.0170511
          ],
          [
            85.1872957,
            28.0166966
          ],
          [
            85.1873066,
            28.0164772
          ],
          [
            85.1873011,
            28.0163445
          ],
          [
            85.1872875,
            28.0162457
          ],
          [
            85.1872274,
            28.0160745
          ],
          [
            85.1870799,
            28.0159201
          ],
          [
            85.1869624,
            28.0158285
          ],
          [
            85.1867931,
            28.01572
          ],
          [
            85.1864489,
            28.0155656
          ],
          [
            85.1861157,
            28.0154258
          ],
          [
            85.1857332,
            28.0152498
          ],
          [
            85.1856322,
            28.0151654
          ],
          [
            85.1855639,
            28.0150617
          ],
          [
            85.1854983,
            28.0149194
          ],
          [
            85.1853365,
            28.0144716
          ]
        ]
      },
      "id": "way/343007937"
    },
    {
      "type": "Feature",
      "properties": {
        "@id": "way/343007938",
        "boat": "no",
        "name": "Trishuli Ganga River",
        "name:en": "Trishuli Ganga River",
        "name:ko": "트리슐리강",
        "waterway": "river"
      },
      "geometry": {
        "type": "LineString",
        "coordinates": [
          [
            85.1853365,
            28.0144716
          ],
          [
            85.1852374,
            28.0142434
          ],
          [
            85.1850394,
            28.013909
          ],
          [
            85.1848346,
            28.0135955
          ],
          [
            85.1846652,
            28.0133953
          ],
          [
            85.1844576,
            28.0131904
          ],
          [
            85.1843566,
            28.0130674
          ],
          [
            85.1842309,
            28.0128576
          ],
          [
            85.1841681,
            28.0127153
          ],
          [
            85.1841123,
            28.0125934
          ],
          [
            85.1840124,
            28.0123753
          ],
          [
            85.1838622,
            28.0120353
          ],
          [
            85.1837884,
            28.0118351
          ],
          [
            85.1837338,
            28.0115819
          ],
          [
            85.1837119,
            28.0113311
          ],
          [
            85.1836899,
            28.0110866
          ],
          [
            85.1836955,
            28.0107958
          ],
          [
            85.1837365,
            28.0101663
          ],
          [
            85.1837354,
            28.0098032
          ],
          [
            85.1835872,
            28.0088224
          ],
          [
            85.1835617,
            28.008307
          ],
          [
            85.1835699,
            28.0077765
          ],
          [
            85.1835999,
            28.00734
          ],
          [
            85.1836245,
            28.0070409
          ],
          [
            85.1836983,
            28.0067057
          ],
          [
            85.1837611,
            28.006426
          ],
          [
            85.1837902,
            28.0063465
          ],
          [
            85.1838786,
            28.0061052
          ],
          [
            85.1839767,
            28.0058782
          ],
          [
            85.1840807,
            28.0056374
          ],
          [
            85.1841544,
            28.0053914
          ],
          [
            85.1842255,
            28.0051502
          ],
          [
            85.1842746,
            28.0047595
          ],
          [
            85.1842746,
            28.0045473
          ],
          [
            85.1842418,
            28.0043375
          ],
          [
            85.1842063,
            28.0041614
          ],
          [
            85.1841626,
            28.0039878
          ],
          [
            85.1841435,
            28.0038069
          ],
          [
            85.1841353,
            28.0036188
          ],
          [
            85.1841572,
            28.0033873
          ],
          [
            85.1841626,
            28.0031461
          ],
          [
            85.1841224,
            28.0029503
          ],
          [
            85.1840862,
            28.0028278
          ],
          [
            85.1840097,
            28.002671
          ],
          [
            85.1838731,
            28.0024033
          ],
          [
            85.1838048,
            28.0022007
          ],
          [
            85.1837791,
            28.0020026
          ],
          [
            85.183783,
            28.0017956
          ],
          [
            85.1838157,
            28.0016316
          ],
          [
            85.1838676,
            28.0014652
          ],
          [
            85.1839605,
            28.0012939
          ],
          [
            85.1841217,
            28.0010552
          ],
          [
            85.1843211,
            28.0008164
          ],
          [
            85.1844576,
            28.0006789
          ],
          [
            85.184668,
            28.0003992
          ],
          [
            85.1847226,
            28.0002593
          ],
          [
            85.1847581,
            28.0001001
          ],
          [
            85.1847772,
            27.999912
          ],
          [
            85.1847909,
            27.9995985
          ],
          [
            85.1847936,
            27.9994272
          ],
          [
            85.1848346,
            27.9992584
          ],
          [
            85.184927,
            27.9990392
          ],
          [
            85.185217,
            27.9986145
          ],
          [
            85.185509,
            27.998187
          ],
          [
            85.1856977,
            27.9978692
          ],
          [
            85.1859163,
            27.997505
          ],
          [
            85.1860646,
            27.9972086
          ],
          [
            85.1861484,
            27.9970009
          ],
          [
            85.1861703,
            27.9968297
          ],
          [
            85.186132,
            27.9967091
          ],
          [
            85.1859927,
            27.9965379
          ],
          [
            85.1858671,
            27.9964438
          ],
          [
            85.1856049,
            27.9962653
          ],
          [
            85.1854656,
            27.9961351
          ],
          [
            85.1851269,
            27.99566
          ],
          [
            85.1849712,
            27.9954694
          ],
          [
            85.1848373,
            27.9953127
          ],
          [
            85.1845327,
            27.9950057
          ],
          [
            85.1842992,
            27.9947989
          ],
          [
            85.1840834,
            27.9946229
          ],
          [
            85.1837679,
            27.9943842
          ],
          [
            85.1836827,
            27.9943205
          ],
          [
            85.1835317,
            27.9942056
          ],
          [
            85.183193,
            27.9939572
          ],
          [
            85.1828433,
            27.9936943
          ],
          [
            85.1826357,
            27.9935279
          ],
          [
            85.1824445,
            27.9933759
          ],
          [
            85.1822779,
            27.9932408
          ],
          [
            85.1822042,
            27.9931251
          ],
          [
            85.1821478,
            27.9930151
          ],
          [
            85.1821277,
            27.9928887
          ],
          [
            85.1821277,
            27.992785
          ],
          [
            85.1821523,
            27.9926379
          ],
          [
            85.1822147,
            27.992372
          ],
          [
            85.1824625,
            27.9916476
          ],
          [
            85.1828281,
            27.9908578
          ]
        ]
      },
      "id": "way/343007938"
    },
    {
      "type": "Feature",
      "properties": {
        "@id": "way/344891285",
        "boat": "no",
        "waterway": "river"
      },
      "geometry": {
        "type": "LineString",
        "coordinates": [
          [
            85.0668522,
            28.103117
          ],
          [
            85.0667578,
            28.1029686
          ],
          [
            85.0667248,
            28.1028171
          ],
          [
            85.0667314,
            28.1026598
          ],
          [
            85.0667512,
            28.1025084
          ],
          [
            85.0667446,
            28.1023861
          ],
          [
            85.0667182,
            28.102287
          ],
          [
            85.0666984,
            28.1021297
          ],
          [
            85.0666587,
            28.1018443
          ],
          [
            85.0666059,
            28.1016171
          ],
          [
            85.0665267,
            28.1014656
          ],
          [
            85.066454,
            28.1013142
          ],
          [
            85.0662823,
            28.1011219
          ],
          [
            85.066038,
            28.1008772
          ],
          [
            85.0659125,
            28.1006908
          ],
          [
            85.0658332,
            28.1004927
          ],
          [
            85.0657606,
            28.1003238
          ],
          [
            85.0655823,
            28.1000966
          ],
          [
            85.0652653,
            28.0998519
          ],
          [
            85.0650341,
            28.099648
          ],
          [
            85.0649269,
            28.0995633
          ],
          [
            85.0635487,
            28.0963835
          ],
          [
            85.0624001,
            28.09417
          ],
          [
            85.061817,
            28.0927515
          ],
          [
            85.0613059,
            28.0915901
          ],
          [
            85.061499,
            28.0903198
          ],
          [
            85.0609463,
            28.0897894
          ],
          [
            85.0607686,
            28.0888613
          ],
          [
            85.0605338,
            28.0883625
          ]
        ]
      },
      "id": "way/344891285"
    },
    {
      "type": "Feature",
      "properties": {
        "@id": "way/401818844",
        "alt_name": "吉隆藏布;Kerung Khola",
        "alt_name:en": "Kerung Khola;Trisuli;Gyirong Zangbo",
        "alt_name:zh-Latn-pinyin": "jílóng zàngbù",
        "name": "吉隆藏布",
        "name:bo": "སྐྱིད་གྲོང་གཙང་པོ",
        "name:bo-Latn-thl": "kyi drong tsang po",
        "name:bo-Latn-wylie": "skyid grong gtsang po",
        "name:en": "Kyirong Tsangpo",
        "name:zh": "吉隆藏布",
        "name:zh-Hans": "吉隆藏布",
        "name:zh-Hant": "吉隆藏布",
        "name:zh-Latn-pinyin": "tèěrsūlǐ hé",
        "nsdi_code": "JD3404",
        "waterway": "river",
        "zhb_code": "17JD030800"
      },
      "geometry": {
        "type": "LineString",
        "coordinates": [
          [
            85.3479506,
            28.3012163
          ],
          [
            85.3480524,
            28.3008692
          ],
          [
            85.348084,
            28.3007016
          ],
          [
            85.3481156,
            28.300534
          ],
          [
            85.3480987,
            28.3000869
          ],
          [
            85.3480355,
            28.2994704
          ],
          [
            85.3479904,
            28.2991233
          ],
          [
            85.3479191,
            28.2988958
          ],
          [
            85.347796,
            28.2987168
          ],
          [
            85.3478949,
            28.2982983
          ],
          [
            85.3483235,
            28.2979932
          ],
          [
            85.3484163,
            28.2977832
          ],
          [
            85.3484214,
            28.2974532
          ],
          [
            85.3480113,
            28.2969925
          ],
          [
            85.3479274,
            28.2963899
          ],
          [
            85.348042,
            28.2959999
          ],
          [
            85.3480584,
            28.2946341
          ],
          [
            85.3481436,
            28.294058
          ],
          [
            85.3483047,
            28.2932027
          ],
          [
            85.3482576,
            28.2927536
          ],
          [
            85.3478893,
            28.2922165
          ],
          [
            85.3473049,
            28.2916754
          ],
          [
            85.3470117,
            28.2912995
          ],
          [
            85.3470253,
            28.2908118
          ],
          [
            85.3471766,
            28.2898376
          ],
          [
            85.3473733,
            28.289452
          ],
          [
            85.3474923,
            28.2889743
          ],
          [
            85.3475356,
            28.2888584
          ],
          [
            85.3478491,
            28.2886406
          ],
          [
            85.3480368,
            28.2884716
          ],
          [
            85.3482378,
            28.2882566
          ],
          [
            85.3483157,
            28.2878865
          ],
          [
            85.3483768,
            28.287761
          ],
          [
            85.348535,
            28.2877123
          ],
          [
            85.3489632,
            28.2877366
          ],
          [
            85.3491261,
            28.2876909
          ],
          [
            85.3494676,
            28.2875083
          ],
          [
            85.3496942,
            28.2874464
          ],
          [
            85.3498994,
            28.2874234
          ],
          [
            85.3501921,
            28.2874855
          ],
          [
            85.3503036,
            28.2874306
          ],
          [
            85.3510341,
            28.286988
          ],
          [
            85.3515257,
            28.286654
          ],
          [
            85.3518689,
            28.2865071
          ],
          [
            85.3522684,
            28.2864615
          ],
          [
            85.3531056,
            28.2864545
          ],
          [
            85.3536623,
            28.2864793
          ],
          [
            85.35444,
            28.2866575
          ],
          [
            85.3552478,
            28.2866232
          ],
          [
            85.3562547,
            28.286417
          ],
          [
            85.3571961,
            28.2862615
          ],
          [
            85.3577558,
            28.2860931
          ]
        ]
      },
      "id": "way/401818844"
    },
    {
      "type": "Feature",
      "properties": {
        "@id": "way/401818847",
        "alt_name": "吉隆藏布",
        "alt_name:en": "Bhulung Khola",
        "alt_name:zh": "吉隆藏布",
        "alt_name:zh-Hans": "吉隆藏布",
        "alt_name:zh-Hant": "吉隆藏布",
        "alt_name:zh-Latn-pinyin": "jílóng zàngbù",
        "loc_name": "Gyirong Zangbo",
        "loc_name:en": "Gyirong Zangbo",
        "name": "吉隆藏布",
        "name:bo": "སྐྱིད་གྲོང་གཙང་པོ",
        "name:bo-Latn-thl": "kyi drong tsang po",
        "name:bo-Latn-wylie": "skyid grong gtsang po",
        "name:en": "Kyirong Tsangpo",
        "name:zh": "吉隆藏布",
        "name:zh-Hans": "吉隆藏布",
        "name:zh-Hant": "吉隆藏布",
        "name:zh-Latn-pinyin": "tèěrsūlǐ hé",
        "nsdi_code": "JD3404",
        "short_name": "Trisuli",
        "short_name:en": "Trisuli",
        "waterway": "river",
        "zhb_code": "17JD030800"
      },
      "geometry": {
        "type": "LineString",
        "coordinates": [
          [
            85.3574575,
            28.3680547
          ],
          [
            85.357769,
            28.3675415
          ],
          [
            85.3579215,
            28.3667513
          ],
          [
            85.3580838,
            28.3662672
          ],
          [
            85.3583722,
            28.3661097
          ],
          [
            85.3587069,
            28.3659902
          ],
          [
            85.3591012,
            28.365649
          ],
          [
            85.3597406,
            28.3653922
          ],
          [
            85.3598334,
            28.3651837
          ],
          [
            85.3598732,
            28.3648979
          ],
          [
            85.3595086,
            28.364443
          ],
          [
            85.3594722,
            28.3640289
          ],
          [
            85.3589817,
            28.3636469
          ],
          [
            85.3592037,
            28.3631278
          ],
          [
            85.3597704,
            28.3621859
          ],
          [
            85.3600039,
            28.3619153
          ],
          [
            85.3600422,
            28.361871
          ],
          [
            85.3600256,
            28.3614656
          ],
          [
            85.3597472,
            28.3612061
          ],
          [
            85.3597506,
            28.3607016
          ],
          [
            85.3595153,
            28.3604041
          ],
          [
            85.3587928,
            28.3599317
          ],
          [
            85.357908,
            28.3598938
          ],
          [
            85.3567448,
            28.3597101
          ],
          [
            85.3564101,
            28.3595497
          ],
          [
            85.3564101,
            28.3593514
          ],
          [
            85.3566122,
            28.3589606
          ],
          [
            85.3565758,
            28.3586952
          ],
          [
            85.3562841,
            28.3582053
          ],
          [
            85.3565393,
            28.3574033
          ],
          [
            85.3568542,
            28.3569775
          ],
          [
            85.3569569,
            28.3559976
          ],
          [
            85.3574109,
            28.3552802
          ],
          [
            85.357845,
            28.3543878
          ],
          [
            85.3580704,
            28.3538104
          ],
          [
            85.3581619,
            28.3534003
          ],
          [
            85.3579885,
            28.3528683
          ],
          [
            85.3577401,
            28.352493
          ],
          [
            85.3574707,
            28.3524022
          ],
          [
            85.3570465,
            28.3523239
          ],
          [
            85.3568122,
            28.3521651
          ],
          [
            85.3566317,
            28.3518124
          ],
          [
            85.3567302,
            28.3510989
          ],
          [
            85.357157,
            28.3504618
          ],
          [
            85.3571101,
            28.3502308
          ],
          [
            85.356529,
            28.3497111
          ],
          [
            85.3561634,
            28.3486552
          ],
          [
            85.355826,
            28.3478963
          ],
          [
            85.3557932,
            28.3473477
          ],
          [
            85.3552823,
            28.3465764
          ],
          [
            85.3547434,
            28.3464197
          ],
          [
            85.3538342,
            28.3464321
          ],
          [
            85.3531452,
            28.346263
          ],
          [
            85.3522969,
            28.3454958
          ],
          [
            85.351383,
            28.344444
          ],
          [
            85.3510034,
            28.3438665
          ],
          [
            85.3500755,
            28.3433963
          ],
          [
            85.3498364,
            28.3429425
          ],
          [
            85.3493818,
            28.3415937
          ],
          [
            85.3491006,
            28.3411895
          ],
          [
            85.3485007,
            28.3406367
          ],
          [
            85.3477978,
            28.3394075
          ],
          [
            85.3476946,
            28.3386568
          ],
          [
            85.3478332,
            28.3378016
          ],
          [
            85.3477536,
            28.3374778
          ],
          [
            85.3467329,
            28.3367311
          ],
          [
            85.345984,
            28.3362702
          ],
          [
            85.3454504,
            28.3355935
          ],
          [
            85.3454272,
            28.335016
          ],
          [
            85.345182,
            28.3346689
          ],
          [
            85.344665,
            28.3345463
          ],
          [
            85.3440321,
            28.3343538
          ],
          [
            85.343535,
            28.3336567
          ],
          [
            85.3433162,
            28.3328866
          ],
          [
            85.3428854,
            28.3321865
          ],
          [
            85.3426302,
            28.3311918
          ],
          [
            85.3418581,
            28.3299317
          ],
          [
            85.3417918,
            28.3295933
          ],
          [
            85.3412914,
            28.3291907
          ],
          [
            85.3410959,
            28.3288757
          ],
          [
            85.3413245,
            28.3282048
          ],
          [
            85.3411224,
            28.3276914
          ],
          [
            85.3407976,
            28.3269154
          ],
          [
            85.3400255,
            28.3259936
          ],
          [
            85.3396576,
            28.3247713
          ],
          [
            85.3398333,
            28.3240449
          ],
          [
            85.3399334,
            28.3235843
          ],
          [
            85.339991,
            28.3233195
          ],
          [
            85.340276,
            28.3230657
          ],
          [
            85.3404317,
            28.3221701
          ],
          [
            85.3408592,
            28.32161
          ],
          [
            85.3410183,
            28.3207203
          ],
          [
            85.3411475,
            28.3202681
          ],
          [
            85.3409984,
            28.3194833
          ],
          [
            85.3411111,
            28.3192528
          ],
          [
            85.341237,
            28.3191157
          ],
          [
            85.3416711,
            28.3189378
          ],
          [
            85.3418335,
            28.3185323
          ],
          [
            85.3422643,
            28.3174091
          ],
          [
            85.3429072,
            28.3162713
          ],
          [
            85.3434739,
            28.3157461
          ],
          [
            85.3437424,
            28.3150168
          ],
          [
            85.3443455,
            28.3146433
          ],
          [
            85.34472,
            28.3141036
          ],
          [
            85.3450448,
            28.3138119
          ],
          [
            85.3450845,
            28.3135435
          ],
          [
            85.3450017,
            28.3132517
          ],
          [
            85.3450878,
            28.3130591
          ],
          [
            85.3455882,
            28.3128345
          ],
          [
            85.3458103,
            28.3124669
          ],
          [
            85.345797,
            28.3121722
          ],
          [
            85.3454723,
            28.3116471
          ],
          [
            85.3455849,
            28.311224
          ],
          [
            85.3458434,
            28.311014
          ],
          [
            85.34586,
            28.3105822
          ],
          [
            85.3456114,
            28.3103283
          ],
          [
            85.3455186,
            28.3090883
          ],
          [
            85.3456578,
            28.3078513
          ],
          [
            85.345966,
            28.3072356
          ],
          [
            85.3459594,
            28.3066667
          ],
          [
            85.3458534,
            28.3061853
          ],
          [
            85.3459992,
            28.3058818
          ],
          [
            85.3464167,
            28.3054325
          ],
          [
            85.3468078,
            28.304601
          ],
          [
            85.3469569,
            28.3041195
          ]
        ]
      },
      "id": "way/401818847"
    },
    {
      "type": "Feature",
      "properties": {
        "@id": "way/809865765",
        "admin_level": "9",
        "boundary": "administrative",
        "intermittent": "yes",
        "name": "Chilime Khola",
        "source": "Nepa Maps",
        "waterway": "river"
      },
      "geometry": {
        "type": "LineString",
        "coordinates": [
          [
            85.3427186,
            28.1812149
          ],
          [
            85.3427556,
            28.1811583
          ]
        ]
      },
      "id": "way/809865765"
    },
    {
      "type": "Feature",
      "properties": {
        "@id": "way/809865767",
        "intermittent": "no",
        "name": "भोटे कोशी",
        "name:en": "Bhote Koshi",
        "name:ne": "भोटे कोशी",
        "name:zh": "波达柯西河",
        "tidal": "no",
        "waterway": "river"
      },
      "geometry": {
        "type": "LineString",
        "coordinates": [
          [
            85.3427556,
            28.1811583
          ],
          [
            85.3426722,
            28.1807772
          ],
          [
            85.3426633,
            28.1803773
          ],
          [
            85.3426728,
            28.1801701
          ],
          [
            85.3426392,
            28.1799331
          ],
          [
            85.3427327,
            28.1793587
          ],
          [
            85.3428027,
            28.1789346
          ],
          [
            85.3427577,
            28.1785799
          ],
          [
            85.3428829,
            28.1782323
          ],
          [
            85.3429865,
            28.1779971
          ],
          [
            85.3429497,
            28.177811
          ],
          [
            85.3428838,
            28.1773014
          ],
          [
            85.3427835,
            28.1769611
          ],
          [
            85.3427678,
            28.1765348
          ],
          [
            85.3427535,
            28.1764462
          ],
          [
            85.3427038,
            28.1761377
          ],
          [
            85.3427405,
            28.1758528
          ],
          [
            85.3427418,
            28.1755148
          ],
          [
            85.3427748,
            28.1753508
          ],
          [
            85.3429465,
            28.1743452
          ],
          [
            85.3430013,
            28.1739672
          ],
          [
            85.3429266,
            28.1738088
          ],
          [
            85.3429127,
            28.1734989
          ],
          [
            85.3428061,
            28.1731357
          ],
          [
            85.3426822,
            28.1728292
          ],
          [
            85.3427098,
            28.17265
          ],
          [
            85.3426868,
            28.1724432
          ],
          [
            85.3427036,
            28.1721164
          ],
          [
            85.3426869,
            28.1713281
          ],
          [
            85.3426739,
            28.1709703
          ],
          [
            85.3427953,
            28.1706038
          ],
          [
            85.3427419,
            28.1703673
          ],
          [
            85.3427625,
            28.1701237
          ],
          [
            85.3427062,
            28.1699171
          ],
          [
            85.3426577,
            28.1697139
          ],
          [
            85.3425684,
            28.1693096
          ],
          [
            85.3424341,
            28.1683292
          ],
          [
            85.3424312,
            28.1681469
          ],
          [
            85.3424173,
            28.1677745
          ],
          [
            85.3424406,
            28.1675819
          ],
          [
            85.3424861,
            28.1674392
          ],
          [
            85.3425707,
            28.167275
          ],
          [
            85.3426658,
            28.1671531
          ],
          [
            85.3427899,
            28.1669935
          ],
          [
            85.342845,
            28.1666895
          ],
          [
            85.3428768,
            28.1666029
          ],
          [
            85.3428934,
            28.1665014
          ],
          [
            85.3428912,
            28.1663782
          ],
          [
            85.3428463,
            28.1661297
          ],
          [
            85.342693,
            28.1657707
          ],
          [
            85.3425719,
            28.1655778
          ],
          [
            85.3421898,
            28.1650042
          ],
          [
            85.3420658,
            28.1648709
          ],
          [
            85.3419347,
            28.1647573
          ],
          [
            85.3418024,
            28.1646622
          ],
          [
            85.3415572,
            28.1645234
          ],
          [
            85.3413057,
            28.1644225
          ]
        ]
      },
      "id": "way/809865767"
    },
    {
      "type": "Feature",
      "properties": {
        "@id": "way/904894054",
        "alt_name": "吉隆藏布;Kerung Khola",
        "alt_name:en": "Kyirong Tsangpo;Kerung Khola;Trisuli;Gyirong Tsangpo",
        "alt_name:zh-Latn-pinyin": "jílóng zàngbù",
        "name": "吉隆藏布",
        "name:bo": "སྐྱིད་གྲོང་གཙང་པོ",
        "name:bo-Latn-thl": "kyi drong tsang po",
        "name:bo-Latn-wylie": "skyid grong gtsang po",
        "name:en": "Gyirong Zangbo",
        "name:ko": "지롱장포",
        "name:zh": "特尔苏里河",
        "name:zh-Latn-pinyin": "tèěrsūlǐ hé",
        "nsdi_code": "JD3404",
        "waterway": "river",
        "zhb_code": "17JD030800"
      },
      "geometry": {
        "type": "LineString",
        "coordinates": [
          [
            85.3577558,
            28.2860931
          ],
          [
            85.3584034,
            28.2857942
          ],
          [
            85.3589611,
            28.2855967
          ],
          [
            85.3599401,
            28.2855826
          ],
          [
            85.3608553,
            28.2856584
          ],
          [
            85.3612879,
            28.2857813
          ],
          [
            85.3615326,
            28.2857266
          ],
          [
            85.3616887,
            28.2855861
          ],
          [
            85.3618015,
            28.2853413
          ],
          [
            85.3619339,
            28.2852397
          ],
          [
            85.3622278,
            28.2852094
          ],
          [
            85.3624816,
            28.2852821
          ],
          [
            85.3628161,
            28.2854166
          ],
          [
            85.3632729,
            28.2854634
          ],
          [
            85.3637187,
            28.2854262
          ],
          [
            85.3641511,
            28.2854741
          ],
          [
            85.3645783,
            28.2856122
          ],
          [
            85.3650109,
            28.2858023
          ],
          [
            85.3653433,
            28.2858093
          ],
          [
            85.3658655,
            28.2856826
          ],
          [
            85.3664442,
            28.2858021
          ],
          [
            85.367241,
            28.2859748
          ],
          [
            85.3677807,
            28.2859696
          ],
          [
            85.3683817,
            28.2857703
          ],
          [
            85.3687267,
            28.2857566
          ],
          [
            85.3691856,
            28.2856252
          ],
          [
            85.3695808,
            28.2855726
          ],
          [
            85.3701713,
            28.2854422
          ],
          [
            85.3710125,
            28.2850789
          ],
          [
            85.3713189,
            28.2849218
          ],
          [
            85.3717404,
            28.2846285
          ],
          [
            85.3720985,
            28.2844951
          ],
          [
            85.3725361,
            28.2844247
          ],
          [
            85.3729293,
            28.2842834
          ],
          [
            85.3750741,
            28.2830438
          ],
          [
            85.3758958,
            28.2823371
          ],
          [
            85.3765521,
            28.2809444
          ],
          [
            85.3767292,
            28.2799153
          ],
          [
            85.3769132,
            28.2795001
          ],
          [
            85.3771382,
            28.2789634
          ],
          [
            85.3771748,
            28.2786189
          ],
          [
            85.376979,
            28.2780546
          ]
        ]
      },
      "id": "way/904894054"
    },
    {
      "type": "Feature",
      "properties": {
        "@id": "way/928822514",
        "name": "Trishuli River",
        "waterway": "river"
      },
      "geometry": {
        "type": "LineString",
        "coordinates": [
          [
            85.3076233,
            28.1407319
          ],
          [
            85.3075203,
            28.1406605
          ],
          [
            85.3060828,
            28.1393561
          ],
          [
            85.3046923,
            28.1375475
          ],
          [
            85.3033364,
            28.1350049
          ],
          [
            85.3028335,
            28.1346139
          ],
          [
            85.3026186,
            28.1345063
          ],
          [
            85.3025608,
            28.1344347
          ],
          [
            85.302528,
            28.1343363
          ],
          [
            85.3026272,
            28.1340357
          ],
          [
            85.3026116,
            28.1338612
          ],
          [
            85.3023343,
            28.1336234
          ],
          [
            85.3011448,
            28.1326205
          ],
          [
            85.3009424,
            28.132384
          ],
          [
            85.3006023,
            28.1315057
          ],
          [
            85.3004252,
            28.1313217
          ],
          [
            85.3004022,
            28.1311802
          ],
          [
            85.3005091,
            28.1310402
          ],
          [
            85.3006002,
            28.1309499
          ],
          [
            85.3006023,
            28.1308019
          ],
          [
            85.3004923,
            28.1305231
          ],
          [
            85.3004513,
            28.1303875
          ],
          [
            85.300565,
            28.1301279
          ],
          [
            85.3005771,
            28.1299159
          ],
          [
            85.3004577,
            28.1297003
          ],
          [
            85.3002729,
            28.1294918
          ],
          [
            85.2999343,
            28.1291096
          ],
          [
            85.2987956,
            28.128339
          ],
          [
            85.2985606,
            28.128045
          ],
          [
            85.2981267,
            28.1275022
          ]
        ]
      },
      "id": "way/928822514"
    },
    {
      "type": "Feature",
      "properties": {
        "@id": "way/934964391",
        "name": "लाङटाङ खोला",
        "name:en": "Langtang Khola",
        "name:ne": "लाङटाङ खोला",
        "waterway": "river"
      },
      "geometry": {
        "type": "LineString",
        "coordinates": [
          [
            85.3987858,
            28.155585
          ],
          [
            85.3982644,
            28.1555076
          ],
          [
            85.3973769,
            28.1553287
          ],
          [
            85.3971174,
            28.1550612
          ],
          [
            85.3961712,
            28.1546873
          ],
          [
            85.3954555,
            28.1547795
          ],
          [
            85.3944269,
            28.1547003
          ],
          [
            85.3923287,
            28.1546544
          ],
          [
            85.3896236,
            28.1544327
          ],
          [
            85.3870612,
            28.1539247
          ],
          [
            85.3862282,
            28.1537468
          ],
          [
            85.3856349,
            28.1536678
          ],
          [
            85.3850776,
            28.1534773
          ],
          [
            85.3844091,
            28.1534195
          ],
          [
            85.3836938,
            28.1534214
          ],
          [
            85.3827674,
            28.1537759
          ],
          [
            85.3826443,
            28.153823
          ],
          [
            85.3818118,
            28.153798
          ],
          [
            85.3814565,
            28.1537874
          ],
          [
            85.3806492,
            28.1535027
          ],
          [
            85.3796632,
            28.1530198
          ],
          [
            85.3782085,
            28.1525472
          ],
          [
            85.3780199,
            28.1524859
          ],
          [
            85.3768802,
            28.1518198
          ],
          [
            85.3766146,
            28.1516435
          ],
          [
            85.376244,
            28.1515243
          ],
          [
            85.3758496,
            28.1517089
          ],
          [
            85.3754512,
            28.1519017
          ],
          [
            85.3752385,
            28.1520148
          ],
          [
            85.3747332,
            28.1520131
          ],
          [
            85.374295,
            28.1517132
          ],
          [
            85.3740298,
            28.1516776
          ],
          [
            85.3736031,
            28.1518555
          ],
          [
            85.373038,
            28.1518352
          ],
          [
            85.3719894,
            28.1516225
          ],
          [
            85.3711291,
            28.1512487
          ],
          [
            85.3708076,
            28.1511303
          ],
          [
            85.3704971,
            28.1512199
          ],
          [
            85.3691557,
            28.1517996
          ],
          [
            85.3686377,
            28.1518386
          ],
          [
            85.3681448,
            28.1518187
          ],
          [
            85.3672476,
            28.1515255
          ],
          [
            85.366674,
            28.1514166
          ],
          [
            85.3660404,
            28.1510593
          ],
          [
            85.3657356,
            28.1510381
          ],
          [
            85.3654415,
            28.1511434
          ],
          [
            85.3650155,
            28.1518626
          ],
          [
            85.3643482,
            28.1520855
          ],
          [
            85.3635969,
            28.1520612
          ],
          [
            85.3627911,
            28.1519245
          ],
          [
            85.3622468,
            28.1519248
          ],
          [
            85.3615688,
            28.1517352
          ],
          [
            85.3610207,
            28.1517666
          ],
          [
            85.3590767,
            28.152611
          ],
          [
            85.3584266,
            28.1523639
          ],
          [
            85.3576478,
            28.1529692
          ],
          [
            85.357081,
            28.1532485
          ],
          [
            85.3569714,
            28.1533152
          ],
          [
            85.3556815,
            28.1532966
          ],
          [
            85.3552174,
            28.1538382
          ],
          [
            85.3540506,
            28.1545344
          ],
          [
            85.3534703,
            28.1551563
          ],
          [
            85.3526357,
            28.15548
          ],
          [
            85.3522939,
            28.1560083
          ],
          [
            85.3513311,
            28.1567275
          ],
          [
            85.3509931,
            28.1575387
          ],
          [
            85.3506029,
            28.1577307
          ],
          [
            85.3496611,
            28.1579808
          ],
          [
            85.349402,
            28.1581876
          ],
          [
            85.3490352,
            28.1589686
          ],
          [
            85.3484564,
            28.1597092
          ],
          [
            85.3482331,
            28.1597952
          ],
          [
            85.3481903,
            28.1599048
          ],
          [
            85.3482314,
            28.1602019
          ],
          [
            85.3478195,
            28.1608545
          ],
          [
            85.3468513,
            28.161409
          ],
          [
            85.3464789,
            28.1618952
          ],
          [
            85.34562,
            28.1626645
          ],
          [
            85.3452328,
            28.1628289
          ],
          [
            85.3450075,
            28.1629401
          ],
          [
            85.3447865,
            28.162969
          ],
          [
            85.3434583,
            28.1635943
          ],
          [
            85.3420448,
            28.1639834
          ],
          [
            85.3413057,
            28.1644225
          ]
        ]
      },
      "id": "way/934964391"
    },
    {
      "type": "Feature",
      "properties": {
        "@id": "way/937405875",
        "alt_name": "伦德科拉河",
        "alt_name:en": "Lhende Khola",
        "alt_name:zh": "伦德科拉河",
        "alt_name:zh-Hans": "伦德科拉河",
        "alt_name:zh-Hant": "倫德科拉河",
        "intermittent": "no",
        "loc_name": "Lhende River",
        "loc_name:en": "Lhende River",
        "name": "东林藏布",
        "name:de": "Lhende",
        "name:en": "Lende Khola",
        "name:fr": "Lende Khola",
        "name:ko": "렌데강;렌데콜라강",
        "name:ne": "लेन्डे खोला",
        "name:zh": "东林藏布",
        "name:zh-Hans": "东林藏布",
        "name:zh-Hant": "東林藏布",
        "tidal": "no",
        "waterway": "river",
        "wikidata": "Q28961063"
      },
      "geometry": {
        "type": "LineString",
        "coordinates": [
          [
            85.4306907,
            28.3303723
          ],
          [
            85.4295577,
            28.3301489
          ],
          [
            85.4290388,
            28.3300499
          ],
          [
            85.4282136,
            28.3302783
          ],
          [
            85.4276964,
            28.3302433
          ],
          [
            85.4263038,
            28.3305113
          ],
          [
            85.4257329,
            28.3304717
          ],
          [
            85.4253074,
            28.3302417
          ],
          [
            85.4248974,
            28.330126
          ],
          [
            85.4244148,
            28.3301671
          ],
          [
            85.4237626,
            28.3300073
          ],
          [
            85.4218277,
            28.3297787
          ],
          [
            85.4203618,
            28.3292591
          ],
          [
            85.4194482,
            28.3281922
          ],
          [
            85.4192233,
            28.3281206
          ],
          [
            85.4187165,
            28.3277354
          ],
          [
            85.4180522,
            28.3273943
          ],
          [
            85.4173135,
            28.3271019
          ],
          [
            85.4169226,
            28.3270516
          ],
          [
            85.4165524,
            28.3272785
          ],
          [
            85.4162185,
            28.3273836
          ],
          [
            85.4156909,
            28.327376
          ],
          [
            85.415338,
            28.3272039
          ],
          [
            85.4151906,
            28.3270666
          ],
          [
            85.4145942,
            28.3265111
          ],
          [
            85.4136912,
            28.3253629
          ],
          [
            85.4136254,
            28.3247538
          ],
          [
            85.4132827,
            28.3239437
          ],
          [
            85.4131774,
            28.3234868
          ],
          [
            85.4130732,
            28.3229447
          ],
          [
            85.4132889,
            28.3226354
          ],
          [
            85.4133122,
            28.3222569
          ],
          [
            85.4133176,
            28.321797
          ],
          [
            85.4135482,
            28.3209349
          ],
          [
            85.4136231,
            28.3203127
          ],
          [
            85.4138207,
            28.3196358
          ],
          [
            85.4139613,
            28.31916
          ],
          [
            85.4139811,
            28.3187869
          ],
          [
            85.4139506,
            28.3185791
          ],
          [
            85.4139677,
            28.3179827
          ],
          [
            85.4143105,
            28.3176403
          ],
          [
            85.4144602,
            28.3172597
          ],
          [
            85.4143773,
            28.316884
          ],
          [
            85.4142333,
            28.3162061
          ],
          [
            85.4139022,
            28.3146466
          ],
          [
            85.4138358,
            28.3141251
          ],
          [
            85.4137206,
            28.3134024
          ],
          [
            85.4133063,
            28.3116223
          ],
          [
            85.412949,
            28.3111149
          ],
          [
            85.4127553,
            28.3105088
          ],
          [
            85.4126846,
            28.3103386
          ],
          [
            85.4124681,
            28.3098173
          ],
          [
            85.4123885,
            28.3093574
          ],
          [
            85.4120093,
            28.3084457
          ],
          [
            85.4119388,
            28.3082761
          ],
          [
            85.4115409,
            28.3078816
          ],
          [
            85.4111002,
            28.3075798
          ],
          [
            85.4106895,
            28.307487
          ],
          [
            85.4104149,
            28.3074941
          ],
          [
            85.409664,
            28.3073516
          ],
          [
            85.4091502,
            28.3070211
          ],
          [
            85.4090187,
            28.3068201
          ],
          [
            85.4089924,
            28.3063613
          ],
          [
            85.408941,
            28.3060349
          ],
          [
            85.4087897,
            28.3059171
          ],
          [
            85.408812,
            28.3057634
          ],
          [
            85.4085926,
            28.3054781
          ],
          [
            85.4085658,
            28.3052809
          ],
          [
            85.4084409,
            28.3051173
          ],
          [
            85.4078378,
            28.3047876
          ],
          [
            85.4074441,
            28.3047396
          ],
          [
            85.407163,
            28.3046686
          ],
          [
            85.4068909,
            28.304534
          ],
          [
            85.4065969,
            28.3040253
          ],
          [
            85.4060329,
            28.3035287
          ],
          [
            85.4045487,
            28.3023422
          ],
          [
            85.4041992,
            28.3021351
          ],
          [
            85.4037581,
            28.301637
          ],
          [
            85.403576,
            28.3014963
          ],
          [
            85.4033754,
            28.3014715
          ],
          [
            85.4029428,
            28.3015494
          ],
          [
            85.4027333,
            28.3015086
          ],
          [
            85.4025689,
            28.3013026
          ],
          [
            85.4022164,
            28.3011451
          ],
          [
            85.4017728,
            28.300754
          ],
          [
            85.4011323,
            28.300567
          ],
          [
            85.4007814,
            28.3002229
          ],
          [
            85.4008343,
            28.2998741
          ],
          [
            85.4007093,
            28.2996547
          ],
          [
            85.3999188,
            28.2991592
          ],
          [
            85.3995669,
            28.299136
          ],
          [
            85.3988197,
            28.298851
          ],
          [
            85.3983657,
            28.2987016
          ],
          [
            85.3979828,
            28.2984486
          ],
          [
            85.3976698,
            28.29814
          ],
          [
            85.3974269,
            28.2977919
          ],
          [
            85.3973771,
            28.2974413
          ],
          [
            85.3973403,
            28.2971822
          ],
          [
            85.3973834,
            28.2965476
          ],
          [
            85.3974005,
            28.2962497
          ],
          [
            85.3973111,
            28.2958784
          ],
          [
            85.3974137,
            28.295421
          ],
          [
            85.3972961,
            28.2950166
          ],
          [
            85.3970435,
            28.2946476
          ],
          [
            85.3965461,
            28.2939873
          ],
          [
            85.3962126,
            28.2935411
          ],
          [
            85.3955653,
            28.2928355
          ],
          [
            85.3951445,
            28.292429
          ],
          [
            85.394529,
            28.2919332
          ],
          [
            85.3943586,
            28.2914677
          ],
          [
            85.3937227,
            28.2908516
          ],
          [
            85.3931718,
            28.2902466
          ],
          [
            85.393182,
            28.2897668
          ],
          [
            85.3929741,
            28.2893737
          ],
          [
            85.3917754,
            28.2887005
          ],
          [
            85.3909027,
            28.288181
          ],
          [
            85.3901552,
            28.2877098
          ],
          [
            85.388924,
            28.2875133
          ],
          [
            85.3880673,
            28.2870884
          ],
          [
            85.3873951,
            28.2863418
          ],
          [
            85.3869856,
            28.2859506
          ],
          [
            85.3867974,
            28.2854304
          ],
          [
            85.3864773,
            28.2846397
          ],
          [
            85.3859256,
            28.2841678
          ],
          [
            85.3849225,
            28.2837567
          ],
          [
            85.3841007,
            28.2832429
          ],
          [
            85.3838122,
            28.2829662
          ],
          [
            85.383533,
            28.2827425
          ],
          [
            85.3832149,
            28.2826578
          ],
          [
            85.3830268,
            28.282566
          ],
          [
            85.3825389,
            28.2820608
          ],
          [
            85.3821406,
            28.2819011
          ],
          [
            85.3816699,
            28.2818453
          ],
          [
            85.3814097,
            28.2816865
          ],
          [
            85.3807758,
            28.2803737
          ],
          [
            85.3804174,
            28.2800201
          ],
          [
            85.3796586,
            28.2797444
          ],
          [
            85.3792351,
            28.279603
          ],
          [
            85.3789545,
            28.2794405
          ],
          [
            85.3785056,
            28.279029
          ],
          [
            85.3783054,
            28.2788212
          ],
          [
            85.3777589,
            28.2785144
          ],
          [
            85.376979,
            28.2780546
          ]
        ]
      },
      "id": "way/937405875"
    },
    {
      "type": "Feature",
      "properties": {
        "@id": "way/996517784",
        "alt_name": "伦德科拉河",
        "alt_name:en": "Lhende Khola",
        "alt_name:zh": "伦德科拉河",
        "alt_name:zh-Hans": "伦德科拉河",
        "alt_name:zh-Hant": "倫德科拉河",
        "intermittent": "no",
        "loc_name": "Lhende River",
        "loc_name:en": "Lhende River",
        "name": "东林藏布",
        "name:de": "Lhende",
        "name:en": "Lende Khola",
        "name:fr": "Lende Khola",
        "name:ne": "लेन्डे खोला",
        "name:zh": "东林藏布",
        "name:zh-Hans": "东林藏布",
        "name:zh-Hant": "東林藏布",
        "tidal": "no",
        "waterway": "river",
        "wikidata": "Q28961063"
      },
      "geometry": {
        "type": "LineString",
        "coordinates": [
          [
            85.4401365,
            28.3357917
          ],
          [
            85.4382179,
            28.3352694
          ],
          [
            85.4369982,
            28.3347851
          ],
          [
            85.4359413,
            28.3341811
          ],
          [
            85.4355474,
            28.3341089
          ],
          [
            85.4353248,
            28.3340153
          ],
          [
            85.4349729,
            28.3337026
          ],
          [
            85.4346735,
            28.3336351
          ],
          [
            85.4343569,
            28.3333839
          ],
          [
            85.4340109,
            28.3329865
          ],
          [
            85.4339158,
            28.3326119
          ],
          [
            85.433767,
            28.332382
          ],
          [
            85.4333761,
            28.3321262
          ],
          [
            85.4332152,
            28.3319435
          ],
          [
            85.4331131,
            28.3316876
          ],
          [
            85.4328882,
            28.3315613
          ],
          [
            85.4324402,
            28.3315308
          ],
          [
            85.4318592,
            28.3311749
          ],
          [
            85.4313707,
            28.330793
          ],
          [
            85.4306907,
            28.3303723
          ]
        ]
      },
      "id": "way/996517784"
    },
    {
      "type": "Feature",
      "properties": {
        "@id": "way/1134688312",
        "waterway": "river"
      },
      "geometry": {
        "type": "LineString",
        "coordinates": [
          [
            85.0638986,
            28.1661843
          ],
          [
            85.0637081,
            28.1663333
          ],
          [
            85.0636438,
            28.1664421
          ],
          [
            85.0637081,
            28.1665934
          ],
          [
            85.0637215,
            28.166688
          ],
          [
            85.0636491,
            28.1667613
          ],
          [
            85.0634694,
            28.1668866
          ],
          [
            85.0633728,
            28.1669504
          ],
          [
            85.0631931,
            28.1669859
          ],
          [
            85.0630751,
            28.1670498
          ],
          [
            85.0629705,
            28.167142
          ],
          [
            85.0629061,
            28.1673359
          ],
          [
            85.0627077,
            28.1675794
          ],
          [
            85.0625789,
            28.1677189
          ],
          [
            85.0624635,
            28.16787
          ],
          [
            85.0623777,
            28.1679672
          ],
          [
            85.0622356,
            28.1682155
          ],
          [
            85.0619996,
            28.1684803
          ],
          [
            85.0618279,
            28.1685371
          ],
          [
            85.0617099,
            28.168686
          ],
          [
            85.0614765,
            28.1689485
          ],
          [
            85.0612995,
            28.1692464
          ],
          [
            85.0611198,
            28.1694545
          ],
          [
            85.0608408,
            28.1697004
          ],
          [
            85.0606504,
            28.1699487
          ],
          [
            85.0605994,
            28.1700503
          ],
          [
            85.0603795,
            28.170178
          ],
          [
            85.0602105,
            28.1703459
          ],
          [
            85.060114,
            28.1705705
          ],
          [
            85.0599477,
            28.1708543
          ],
          [
            85.0598189,
            28.171008
          ],
          [
            85.0599101,
            28.1706533
          ],
          [
            85.0599933,
            28.1702017
          ],
          [
            85.0601381,
            28.1698943
          ],
          [
            85.0603339,
            28.1695845
          ],
          [
            85.0605029,
            28.1692535
          ],
          [
            85.0606585,
            28.1689343
          ],
          [
            85.0607684,
            28.168783
          ],
          [
            85.0608087,
            28.1685252
          ],
          [
            85.0607577,
            28.168277
          ],
          [
            85.0607845,
            28.1681185
          ],
          [
            85.0608033,
            28.1679152
          ],
          [
            85.0608033,
            28.1677189
          ],
          [
            85.0608194,
            28.1676858
          ],
          [
            85.0607818,
            28.1674517
          ],
          [
            85.0606638,
            28.1673028
          ],
          [
            85.0606048,
            28.1671325
          ],
          [
            85.0606209,
            28.1670072
          ],
          [
            85.0607067,
            28.16687
          ],
          [
            85.0608309,
            28.1667772
          ],
          [
            85.0609186,
            28.1667353
          ],
          [
            85.0609508,
            28.1666336
          ],
          [
            85.0609991,
            28.166461
          ],
          [
            85.0610393,
            28.1663002
          ],
          [
            85.0609723,
            28.1660685
          ],
          [
            85.0608757,
            28.1658675
          ],
          [
            85.0608328,
            28.1657232
          ],
          [
            85.0608274,
            28.1654206
          ],
          [
            85.0607604,
            28.1652054
          ],
          [
            85.0607389,
            28.1650517
          ],
          [
            85.0607362,
            28.1649074
          ],
          [
            85.0608194,
            28.164723
          ],
          [
            85.0609052,
            28.1646166
          ],
          [
            85.0609401,
            28.164425
          ],
          [
            85.0608946,
            28.1641688
          ],
          [
            85.0609267,
            28.1640916
          ],
          [
            85.0609535,
            28.1639876
          ],
          [
            85.0608945,
            28.1638575
          ],
          [
            85.0607094,
            28.1636684
          ],
          [
            85.0603983,
            28.1633586
          ]
        ]
      },
      "id": "way/1134688312"
    },
    {
      "type": "Feature",
      "properties": {
        "@id": "way/1509505362",
        "alt_name": "伦德科拉河",
        "alt_name:en": "Lhende Khola",
        "alt_name:zh": "伦德科拉河",
        "alt_name:zh-Hans": "伦德科拉河",
        "alt_name:zh-Hant": "倫德科拉河",
        "loc_name": "伦德科拉",
        "loc_name:en": "Lhende River",
        "loc_name:zh": "伦德科拉",
        "loc_name:zh-Hans": "伦德科拉",
        "loc_name:zh-Hant": "倫德科拉",
        "name": "东林藏布",
        "name:de": "Lhende",
        "name:en": "Lende Khola",
        "name:zh": "东林藏布",
        "name:zh-Hans": "东林藏布",
        "name:zh-Hant": "東林藏布",
        "reg_name": "伦德霍拉河",
        "reg_name:zh": "伦德霍拉河",
        "reg_name:zh-Hans": "伦德霍拉河",
        "reg_name:zh-Hant": "倫德霍拉河",
        "waterway": "river",
        "wikidata": "Q28961063"
      },
      "geometry": {
        "type": "LineString",
        "coordinates": [
          [
            85.4478732,
            28.3802021
          ],
          [
            85.4480061,
            28.3799634
          ],
          [
            85.4482995,
            28.3791206
          ],
          [
            85.4485504,
            28.3787785
          ],
          [
            85.44866,
            28.3784799
          ],
          [
            85.4485504,
            28.3781751
          ],
          [
            85.4485717,
            28.3777708
          ],
          [
            85.4488438,
            28.3775997
          ],
          [
            85.44901,
            28.3772483
          ],
          [
            85.4490312,
            28.3768533
          ],
          [
            85.4492362,
            28.3762904
          ],
          [
            85.4495119,
            28.3760198
          ],
          [
            85.4497311,
            28.3755875
          ],
          [
            85.4497841,
            28.3750618
          ],
          [
            85.44977,
            28.3747477
          ],
          [
            85.4498796,
            28.3745269
          ],
          [
            85.4501093,
            28.3743745
          ],
          [
            85.4505335,
            28.3739919
          ],
          [
            85.4506785,
            28.3736964
          ],
          [
            85.4506891,
            28.3729655
          ],
          [
            85.4505972,
            28.3723528
          ],
          [
            85.4507987,
            28.3714633
          ],
          [
            85.4508269,
            28.3710838
          ],
          [
            85.4507527,
            28.3706484
          ],
          [
            85.4508517,
            28.3704742
          ],
          [
            85.4509825,
            28.3700636
          ],
          [
            85.4509931,
            28.3696157
          ],
          [
            85.4513041,
            28.3690807
          ],
          [
            85.4513819,
            28.3686173
          ],
          [
            85.4514243,
            28.3678739
          ],
          [
            85.4513678,
            28.3674478
          ],
          [
            85.4511309,
            28.3670807
          ],
          [
            85.451184,
            28.3668692
          ],
          [
            85.4511486,
            28.3665831
          ],
          [
            85.45129,
            28.3662254
          ],
          [
            85.4513254,
            28.3658801
          ],
          [
            85.4510567,
            28.3655908
          ],
          [
            85.4510496,
            28.3648412
          ],
          [
            85.4512087,
            28.3643715
          ],
          [
            85.4512617,
            28.36388
          ],
          [
            85.4509153,
            28.363485
          ],
          [
            85.4507633,
            28.3631335
          ],
          [
            85.4505936,
            28.362922
          ],
          [
            85.4505053,
            28.362586
          ],
          [
            85.4505795,
            28.3620728
          ],
          [
            85.4504133,
            28.3618737
          ],
          [
            85.4503073,
            28.3615782
          ],
          [
            85.4499609,
            28.3602251
          ],
          [
            85.4495508,
            28.359998
          ],
          [
            85.4493776,
            28.359718
          ],
          [
            85.4495685,
            28.3592577
          ],
          [
            85.4495685,
            28.3589404
          ],
          [
            85.4493529,
            28.3583898
          ],
          [
            85.4493034,
            28.357833
          ],
          [
            85.4490135,
            28.3575126
          ],
          [
            85.4489181,
            28.3566042
          ],
          [
            85.4488014,
            28.3561843
          ],
          [
            85.4485292,
            28.3557705
          ],
          [
            85.4485398,
            28.3553412
          ],
          [
            85.4483348,
            28.3549804
          ],
          [
            85.4483136,
            28.3545853
          ],
          [
            85.4484797,
            28.3543022
          ],
          [
            85.4485469,
            28.3540627
          ],
          [
            85.4484515,
            28.3538916
          ],
          [
            85.4481864,
            28.3537454
          ],
          [
            85.4480768,
            28.3533908
          ],
          [
            85.4481475,
            28.353005
          ],
          [
            85.4480414,
            28.3526722
          ],
          [
            85.4476349,
            28.3521371
          ],
          [
            85.4476844,
            28.3516767
          ],
          [
            85.4475006,
            28.3513065
          ],
          [
            85.4471011,
            28.3510296
          ],
          [
            85.4468183,
            28.3506718
          ],
          [
            85.4463765,
            28.3496328
          ],
          [
            85.4464542,
            28.3493092
          ],
          [
            85.4466133,
            28.349079
          ],
          [
            85.4466239,
            28.3488115
          ],
          [
            85.4464861,
            28.3484755
          ],
          [
            85.4464638,
            28.3481416
          ],
          [
            85.446426,
            28.3475764
          ],
          [
            85.4464012,
            28.3464876
          ],
          [
            85.4465647,
            28.3446516
          ],
          [
            85.4462972,
            28.3440664
          ],
          [
            85.4455749,
            28.3435583
          ],
          [
            85.4454924,
            28.3431711
          ],
          [
            85.4454982,
            28.3429352
          ],
          [
            85.4453886,
            28.3426895
          ],
          [
            85.445378,
            28.3423472
          ],
          [
            85.445279,
            28.3421357
          ],
          [
            85.4454275,
            28.341557
          ],
          [
            85.4453744,
            28.3413765
          ],
          [
            85.4454275,
            28.3407232
          ],
          [
            85.4453709,
            28.3404152
          ],
          [
            85.4448831,
            28.3395938
          ],
          [
            85.4446215,
            28.3394725
          ],
          [
            85.4442786,
            28.3391582
          ],
          [
            85.4437166,
            28.3389591
          ],
          [
            85.4433065,
            28.3386387
          ],
          [
            85.4426754,
            28.3383833
          ],
          [
            85.4419814,
            28.3380364
          ],
          [
            85.4413129,
            28.3376195
          ],
          [
            85.4409599,
            28.3367161
          ],
          [
            85.4406372,
            28.3360544
          ],
          [
            85.4401365,
            28.3357917
          ]
        ]
      },
      "id": "way/1509505362"
    },
    {
      "type": "Feature",
      "properties": {
        "@id": "way/1552546973",
        "alt_name": "吉隆藏布;Kerung Khola",
        "alt_name:en": "Kerung Khola;Trisuli;Gyirong Zangbo",
        "alt_name:zh-Latn-pinyin": "jílóng zàngbù",
        "name": "吉隆藏布",
        "name:bo": "སྐྱིད་གྲོང་གཙང་པོ",
        "name:bo-Latn-thl": "kyi drong tsang po",
        "name:bo-Latn-wylie": "skyid grong gtsang po",
        "name:en": "Kyirong Tsangpo",
        "name:zh": "吉隆藏布",
        "name:zh-Latn-pinyin": "tèěrsūlǐ hé",
        "nsdi_code": "JD3404",
        "waterway": "river",
        "zhb_code": "17JD030800"
      },
      "geometry": {
        "type": "LineString",
        "coordinates": [
          [
            85.3469569,
            28.3041195
          ],
          [
            85.3473778,
            28.3034222
          ],
          [
            85.3476495,
            28.3024885
          ],
          [
            85.3478351,
            28.3023017
          ],
          [
            85.3479331,
            28.3021452
          ],
          [
            85.3479061,
            28.3019337
          ],
          [
            85.3481059,
            28.3016246
          ],
          [
            85.3479506,
            28.3012163
          ]
        ]
      },
      "id": "way/1552546973"
    }
  ]
}